-0.211636443;-0.037352723;-0.082690514;-0.055920323
-0.181557383;0.016099867;-0.02230249;0.013912907
0.009262627;-0.217252313;-0.098017418;-0.001509798
0.008496277;-0.103162643;-0.019390378;-0.074408408
0.190886497;0.001156132;0.029502462;0.007782142
0.002940277;0.143408992;0.072417806;-0.017794638
0.027654917;-0.114945203;-0.023835186;0.030293537
-0.037484443;-0.073562558;-0.030119218;-0.060135223
0.031869817;0.008340622;0.053565702;-0.038485963
0.080724337;-0.155753093;-0.121007786;0.001747172
0.175367997;-0.005740988;-0.088821274;0.000501862
-0.009704423;-0.105461678;0.015401702;-0.051226458
-0.060474813;-0.075574208;-0.087901658;-0.018848363
-0.046105833;0.293133742;0.108436038;-0.020572638
-0.039591893;-0.008040023;0.134645054;-0.059847843
-0.067371923;-0.026144933;0.016627854;-0.072013578
-0.185772283;-0.095978153;-0.100316458;-0.005245728
-0.095343523;-0.021259478;0.039311678;0.041405547
-0.166038893;0.154904182;0.046515326;0.053092317
-0.131936523;0.005179447;-0.024294986;0.050314312
-0.190561943;-0.406060673;-0.026747298;-0.045862038
-0.051853423;-0.141671498;0.051726478;-0.022296918
-0.076184893;-0.300592388;-0.041767666;0.035274782
-0.012003463;-0.143683163;-0.001304626;-0.049023213
0.069037567;-0.039651773;-0.006822314;-0.031780443
-0.037867623;0.026445532;-0.172966002;-0.082742413
-0.065264473;0.239681137;0.033640726;-0.074216818
0.209853547;0.144558517;0.015401702;-0.015687188
-0.012578223;-0.007177883;-0.031192098;0.005962072
0.088770967;-0.066952823;0.13326563;-0.015687188
0.016159737;-0.166673528;0.015401702;0.015828767
0.006388827;0.026158147;0.04789475;0.031347262
0.121915407;0.180768337;0.078395302;-0.096824008
0.078616887;0.099439927;-0.05832073;-0.092609108
0.030720297;-0.091092698;0.058163782;0.023588017
0.175559587;-0.169259933;0.007584982;0.029622987
0.024781117;0.126740992;0.003906518;0.103766907
-0.114502163;0.109498207;0.043603214;0.031251472
0.164447577;-0.081609173;-0.011267114;0.066790742
0.062332047;-0.076723733;0.052033014;0.040160237
-0.031545273;0.022996972;-0.062918802;0.066599152
0.036659477;0.267844342;-0.075486866;-0.015687188
0.078233717;0.227611207;-0.076099938;-0.010514353
0.012136417;0.211230577;-0.029506138;0.018702562
0.040491197;-0.307776878;0.005592478;0.020522637
0.058883497;0.026158147;0.022911886;0.037286442
0.205638647;-0.087356768;-0.068129946;-0.015878773
-0.095918283;-0.155465723;0.05801051;-0.116653198
-0.093619253;0.098865172;0.13556467;-0.044808313
-0.066605573;-0.024420653;0.023371694;-0.040880793
0.048346247;-0.073562558;-0.018317498;0.025216502
0.043748167;-0.230471783;-0.020309994;0.015828767
-0.024264983;0.080472877;0.03042207;0.040543407
0.179391307;0.252325837;-0.01785769;-0.014346083
-0.028096713;0.106049662;0.084832598;-0.010705943
-0.002424143;-0.148855988;0.002220558;-0.005149938
-0.141132663;-0.037352723;-0.04253401;-0.015687188
0.045855617;-0.298580723;-0.006209234;0.120818092
0.086280337;-0.063216893;0.03609303;0.020810012
0.060416187;0.121855537;0.094641822;0.029239812
0.198549947;-0.114657818;0.14568043;-0.009460628
0.012711177;-0.058618808;0.142921582;0.025408087
0.017884007;-0.064079033;-0.145224298;-0.054770803
0.006963587;0.094267102;-0.046059202;0.077806957
-0.049554383;0.220139332;-0.009887698;-0.029672993
-0.046489003;0.021272692;0.061075894;0.021480567
-0.032120033;-0.206906663;-0.023375378;0.007590557
0.006197247;-0.204607613;0.03777899;-0.021338983
0.126896647;-0.006315743;-0.045446122;-0.011376493
0.173835307;-0.123566588;-0.052036698;0.047440517
0.027846507;-0.006315743;0.05402551;0.039777062
-0.075993303;0.119843872;-0.021689418;-0.0000728979
0.046813547;-0.008902163;-0.098323962;0.047057347
-0.030587333;0.024146497;0.089737214;0.060947357
0.062332047;0.115245802;0.041610718;-0.009843803
0.007155177;-0.107473343;-0.122693746;0.042555067
0.089728897;-0.015511883;0.011723246;0.030868297
-0.157992263;0.087082612;0.084219526;-0.013867118
-0.072736333;-0.226161083;0.07425703;0.014296077
-0.099941603;0.029606707;0.046975134;-0.055920323
-0.116609613;0.188814967;-0.054795538;-0.019039948
-0.035568583;-0.060055718;0.051573206;-0.029002438
-0.018325813;-0.120405413;-0.110892026;0.046195207
0.036467887;0.041676637;0.062915118;0.033358922
-0.066988743;-0.164374478;0.130200246;0.044566722
0.059075077;-0.258347588;0.051419942;0.020139462
0.052369557;-0.377322728;-0.078858786;0.048494242
0.110803397;-0.116956868;-0.039928434;0.041980307
0.145097357;0.099439927;0.042683598;0.045524657
0.130536787;-0.122129693;0.078088758;0.069089777
0.103906287;0.027307672;0.021685734;0.099456212
0.063098387;0.168123637;0.025517462;0.013338147
0.013094357;0.174733372;-0.047898426;0.100605732
-0.044956313;0.013800832;-0.007895194;-0.073546268
0.154293497;-0.119255903;0.008504598;0.044566722
0.068462807;0.030756217;-0.051883426;-0.027565543
-0.001849383;-0.254611658;-0.02904633;0.005004142
-0.131361763;-0.121267553;-0.021842682;-0.069522953
-0.160291303;-0.217827083;0.074103766;-0.019518913
0.081490687;-0.002867183;-0.071961674;0.045524657
0.131686307;0.044263057;-0.186606954;-0.062530053
0.040874377;0.151743007;-0.00437001;-0.035037408
0.110420227;0.071851492;0.053105902;-0.016261948
0.017692427;-0.018960443;0.014635358;0.014870837
0.005430897;0.025008637;0.108436038;0.019660497
0.073444057;-0.459513263;0.046515326;-0.040210243
-0.036143343;-0.220988258;0.058163782;-0.014250288
-0.128679553;0.052884442;0.098933358;-0.024595953
0.010220557;-0.080459663;-0.001304626;-0.010131183
0.109653877;-0.116956868;-0.030119218;-0.020860018
-0.039208723;-0.009476918;-0.037935938;0.066120187
-0.120632923;-0.062642123;0.00574575;-0.011280703
0.062715217;-0.258060218;-0.166375434;-0.088490003
-0.112777883;-0.206331893;-0.018777306;0.059797837
-0.016601533;-0.054308123;-0.023528642;0.106736497
0.198166777;-0.027581828;-0.001611162;0.098402487
0.051794797;-0.037352723;-0.012340002;0.002609312
-0.112394713;0.148294447;0.042377062;-0.050843283
-0.050512323;-0.155753093;0.053105902;-0.045766243
0.142798317;-0.122991833;0.003599982;-0.047107348
-0.177534073;-0.002579813;-0.025061338;-0.013100773
-0.087296903;-0.094253873;-0.03747613;0.004620967
0.098350277;-0.184203668;-0.123919898;0.023779602
0.103906287;-0.034191548;0.082073758;0.033837887
0.001599167;-0.192250298;0.03502015;-0.011280703
0.002557107;0.134787607;0.10123239;-0.001126623
0.158699987;0.052309687;0.042990142;-0.047394728
0.129770447;-0.085632488;-0.01785769;0.002800897
0.056584457;-0.327606068;-0.103841642;0.068706602
-0.030587333;-0.152879303;0.13556467;0.050697487
-0.205505683;0.060356317;-0.025367874;-0.005054143
-0.022732293;0.096853507;0.001454214;0.008740072
0.023248427;0.177607162;0.091269902;-0.057931978
-0.280799123;-0.119830658;-0.119781634;-0.012717598
-0.139408393;-0.089655803;-0.08192417;-0.043275623
0.054860177;0.044837812;-0.059546882;0.041022377
0.166555027;0.045412582;0.02934919;0.131546927
0.085897167;0.045125197;-0.08866801;0.055966112
0.084939237;0.018398902;-0.117942402;0.032209402
0.100649317;-0.130751078;-0.06107957;-0.063009018
0.156975707;-0.107760713;-0.04989093;-0.060805773
0.271161177;-0.150867653;0.083759718;-0.084658278
0.116550987;-0.129026798;0.004366326;-0.034750028
-0.004531593;0.108348697;-0.104761258;0.011422282
-0.011811873;-0.193399823;-0.059700146;-0.010897528
-0.141707423;-0.156327863;0.04958071;-0.001414003
0.023248427;0.033917392;0.029808998;0.024929122
0.028038087;-0.146844338;0.057550702;0.113058847
-0.062773843;0.210081052;-0.12959085;0.023396432
-0.103390153;0.107773942;-0.029199602;0.021193187
-0.023690233;0.159502252;0.012183054;0.044279342
-0.068138263;-0.005740988;-0.10092953;-0.029289818
-0.035568583;-0.064941158;0.165758678;-0.121155478
-0.020816433;-0.025570163;0.010343822;-0.035228993
-0.064306533;-0.007752638;-0.060926298;-0.014058703
-0.024264983;-0.283062233;-0.015252114;-0.017890428
-0.123889893;-0.000855533;0.013409206;-0.046436798
-0.212019623;-0.044537213;0.053565702;-0.076132683
-0.066030813;0.015237727;0.056937622;-0.031493063
-0.136726183;-0.035628458;-0.112271442;0.032209402
-0.166996823;-0.115519958;-0.069815906;-0.109468708
-0.053194523;0.150593482;0.018773622;-0.027565543
0.004664557;0.102026347;0.15916811;0.001268207
-0.155118473;-0.056032403;0.033640726;0.049739552
-0.232136183;0.121280782;0.049120902;-0.029098233
0.194909807;0.053746582;-0.140166418;0.031443057
0.153527157;-0.135923918;-0.06613745;-0.005724698
-0.088063243;0.156053692;-0.044679778;0.053571282
0.072294537;0.222438367;-0.008201738;-0.018465188
0.078233717;-0.027869198;0.057703974;-0.032259408
0.001982347;0.282500692;0.042990142;-0.017986223
0.075743087;-0.289671968;0.146600038;-0.108989743
0.052177967;-0.014937128;0.069658958;-0.054770803
-0.014877253;-0.100576223;-0.046672274;-0.017890428
0.029379197;-0.102587888;0.04559571;-0.035803753
-0.150903573;0.022134832;-0.001304626;0.018127807
0.065972187;-0.280763198;0.037012646;-0.073546268
-0.061241153;-0.113795693;0.003446718;0.023396432
-0.040741413;-0.055457648;-0.064144954;0.016978287
0.090686827;0.029031937;0.067359926;0.023492222
-0.099750013;-0.120692798;-0.00099809;0.037861202
-0.060091633;-0.207768788;-0.095105306;-0.103433738
-0.034802233;0.005466817;0.044063022;-0.023829608
-0.055876733;-0.117818993;0.071038382;0.042267687
-0.032120033;-0.014074988;0.006818638;-0.027373953
0.043364997;-0.008040023;-0.01387269;-0.018273603
-0.108179813;0.024433867;0.012029782;0.032400987
-0.081549313;0.087657367;0.15748215;-0.016836703
0.048346247;0.015237727;0.122690062;-0.006395248
-0.032886373;0.001156132;0.048201286;-0.048544248
-0.032694783;0.048286372;0.044982638;-0.024116988
0.138008657;-0.114657818;0.111654686;-0.013100773
0.268670557;-0.010051673;0.000381334;0.009410627
0.097583937;-0.025570163;0.030881878;0.086715722
0.075934677;0.395728237;-0.02736037;0.070335087
-0.013152983;0.247727767;-0.021536146;0.057977767
-0.010470773;-0.241679588;-0.038549018;0.029527192
0.170003577;-0.083908208;-0.042840546;0.007494762
-0.047446933;0.041964022;0.131886206;0.043129827
0.052561147;-0.121267553;0.049887246;0.034891612
0.138966587;0.035354287;0.052033014;0.088056827
0.151036527;-0.056032403;0.082840102;0.002321932
0.183223037;-0.052871228;-0.040388242;-0.042605068
0.105822147;-0.082183943;-0.000538282;-0.101996843
0.036467887;0.160651777;-0.052343234;-0.058506738
-0.018708983;-0.248001938;-0.127598354;0.015732977
-0.023690233;-0.056032403;0.025364198;0.012188627
0.064822667;-0.007465253;0.000381334;-0.006491043
0.007538347;-0.119830658;-0.002224242;0.044470932
0.119233197;-0.076148963;-0.020923074;0.122542372
-0.036143343;0.007478482;0.094948358;0.075891092
0.043556587;0.086220472;0.139856198;0.029718782
0.143373077;-0.088506293;0.108895846;0.043608792
-0.051853423;0.018111517;0.140469278;-0.017124083
0.185522077;-0.153166688;0.100772582;-0.078527513
-0.029437823;-0.064653788;-0.014179234;-0.005724698
-0.072544753;-0.310075913;0.079774718;-0.027182368
0.056392867;0.047711617;0.030268806;-0.085137243
0.129770447;0.050585407;0.068279542;-0.049693763
0.078425297;0.086220472;-0.052803042;0.023971187
0.041640717;0.114958432;-0.050504002;0.004525172
0.126321887;0.014950342;0.061842238;0.041597132
0.024014777;-0.262945673;0.07149819;0.109801877
0.001599167;-0.123853973;-0.041614394;0.064300117
-0.062390673;-0.003729323;0.125142366;0.000980827
0.063481567;0.227036452;0.061688966;0.059318872
0.025164297;-0.063504263;0.008198054;-0.004000418
0.035126787;-0.098851958;0.125602174;-0.024116988
0.022482087;0.161513917;-0.024754794;0.005291517
-0.033461133;0.110360347;-0.049737658;0.002321932
-0.040166653;0.035929057;-0.024294986;0.053762867
0.027271747;-0.150867653;0.050960134;-0.005724698
-0.128104793;-0.172708493;-0.184461186;-0.021913743
0.088962547;-0.148281233;-0.020309994;0.037286442
0.085513997;0.210943192;-0.059240338;0.056349282
0.150270187;0.019835797;0.018007278;-0.035133203
0.055243347;0.070414597;-0.19365733;0.028856642
0.063289977;0.016674622;-0.05770765;-0.002850903
-0.155118473;0.006616342;-0.046059202;-0.000647658
-0.104539673;-0.028731338;0.138783318;-0.078527513
-0.038442373;-0.068677103;0.017087662;0.063629567
0.026122227;0.198011107;0.038085526;0.008069522
-0.116801203;0.022422217;-0.04084805;-0.033504718
0.037617407;0.008627992;0.00467287;0.013817112
0.022482087;-0.083620838;-0.024754794;-0.049023213
0.055626527;-0.148568618;-0.006362506;0.085087237
0.165213917;-0.195986228;-0.020309994;0.021097392
0.301431817;-0.036490598;-0.049124586;-0.033121543
0.047388307;0.008053237;0.10460431;-0.055632943
-0.014877253;-0.029593478;-0.006669042;-0.026128643
-0.060474813;-0.127589903;-0.123000282;-0.015112428
0.046238797;-0.057756683;-0.072421482;0.021959532
0.006580417;-0.097702433;-0.106140682;0.082883992
-0.142473773;-0.141384128;-0.078858786;-0.024308573
-0.020241673;0.035066917;-0.055868418;0.046099412
-0.000316693;0.187952827;0.05187975;0.038914927
-0.087488483;-0.155178338;0.06076935;0.039393892
0.033785677;0.060356317;0.017087662;-0.006682628
-0.093236073;0.110935117;-0.081464362;-0.116748993
0.002940277;0.016962007;-0.041614394;-0.111288778
-0.011428703;0.020410552;0.09954643;0.004908347
0.111569737;-0.135061778;0.090503558;-0.048544248
-0.079633443;-0.021259478;-0.141545842;-0.099506218
0.064439497;-0.060630473;-0.148596218;-0.033504718
0.006580417;-0.051146948;0.029502462;-0.005820488
-0.070628883;-0.165811388;-0.048664778;-0.018177808
-0.217192453;-0.024995408;-0.124686242;0.068131847
-0.058367363;0.008053237;0.129280638;0.102521597
0.055434937;0.061218457;0.040844374;-0.019710498
0.146821627;0.315261967;-0.08406993;0.114016777
-0.027521953;0.009777517;-0.006209234;0.014679252
-0.012003463;-0.053158598;-0.160244666;-0.024021193
0.158125227;-0.020684723;-0.032264986;0.104150082
0.086855097;0.033917392;-0.060619762;0.081159717
0.091644757;0.170422672;0.060462814;-0.017698843
0.082065437;-0.068389718;-0.045292858;-0.043179828
0.183989387;0.076449562;-0.103075298;-0.075078958
-0.026755613;0.245716117;-0.086522242;-0.060039428
0.094326967;0.352046542;0.001914022;-0.008598493
0.077084197;0.133925482;0.06981223;-0.051226458
0.079191647;0.014088202;0.198864798;-0.028523473
0.004281377;0.252325837;0.025517462;-0.019902088
-0.011045533;-0.063791648;-0.082537242;0.088439997
0.015968147;-0.152879303;-0.049737658;0.026844987
-0.049171213;0.058632037;-0.037629402;-0.059943638
0.064439497;-0.069826613;0.012949398;0.001459792
0.096626007;0.046562092;0.051419942;-0.048640038
-0.044956313;0.117257467;-0.030885562;-0.082359238
-0.160866063;-0.002292428;-0.014179234;0.053762867
-0.118908653;-0.042525563;0.044216294;0.073400472
-0.188071323;-0.106898573;0.032261302;-0.007161593
0.037234237;-0.165524003;-0.010040962;0.020331047
-0.085381033;-0.007465253;0.027969766;-0.042892448
0.088770967;-0.172421108;0.026896886;0.093038072
-0.113544233;-0.066665438;-0.07625321;-0.061380533
-0.167379993;-0.108335468;0.052799358;-0.024787538
0.019033527;-0.061205228;0.008504598;-0.003521453
-0.068904613;-0.109484993;0.040844374;0.005483107
-0.041507763;0.059494177;-0.004523274;-0.007448973
-0.021008023;-0.022983758;0.016781126;0.013721317
0.021524157;-0.037065353;0.039311678;-0.000551863
-0.041316173;-0.104024783;-0.002837314;0.057977767
0.054668597;-0.127877288;-0.006669042;-0.031301473
0.067888047;-0.136211288;-0.014639034;-0.041742933
-0.017176293;0.225599542;-0.088514738;-0.057069838
0.064439497;0.231921892;0.05295263;0.011613867
0.038766927;0.040527127;-0.049124586;0.044758307
-0.070054123;-0.180755123;-0.016784802;0.010560142
-0.018134223;0.018973657;-0.008968082;-0.021434778
-0.093044493;0.042251407;-0.011267114;-0.018465188
-0.051278663;-0.044249843;-0.006209234;0.031347262
0.012902767;-0.172421108;-0.03808921;0.042459272
-0.092852903;-0.088218908;-0.088821274;0.046386792
0.045089277;0.108923452;-0.038855554;0.048015277
-0.129829073;0.345149437;-0.054642266;-0.046915763
-0.002807313;0.056045617;0.064907622;0.067365497
0.059649837;0.065241772;-0.115796634;-0.008502698
0.172877377;-0.094541258;-0.020156722;0.026557607
0.061374117;0.162950812;0.044829366;-0.019902088
0.090112067;0.163238182;0.055404934;0.038723337
0.051986387;0.051734932;0.080234526;0.038052787
0.123064927;0.086507857;0.026283806;0.013338147
0.080532747;0.018398902;0.027509958;-0.022967468
-0.013152983;-0.015224498;-0.08238397;0.066790742
-0.109712503;0.227898577;-0.231974602;0.066120187
-0.089021173;0.218415052;-0.198868482;-0.048161073
0.117508917;-0.031892513;-0.048051698;-0.034079478
0.103523117;-0.178168703;0.125755446;-0.003138278
0.017500837;0.168985777;0.132652558;0.009889592
0.024781117;-0.044824598;0.037625718;-0.003808833
0.032827747;-0.027294443;-0.03073229;-0.081209723
0.316950317;0.074437912;-0.01111385;-0.079293858
0.083598137;-0.046548878;0.02766323;-0.000360278
-0.021965953;-0.070688753;-0.014792306;0.007015797
0.038958507;-0.312087563;0.138476782;0.066024397
0.080915927;-0.309788528;0.03103515;0.057115627
0.016926077;0.031043602;-0.052496498;0.043991962
-0.016218363;0.250314187;-0.105221066;-0.056782463
0.104481047;-0.037065353;0.057090894;-0.093375453
0.140499277;-0.058618808;-0.078705514;-0.080730753
-0.092852903;-0.258634973;0.10966219;0.002226137
-0.142090593;-0.397726673;0.114873342;0.080872337
-0.079825033;-0.199147403;0.02429131;-0.028906648
0.103139937;0.060068932;0.037012646;-0.088298418
-0.035760173;0.075300052;-0.13020393;0.018127807
0.032061397;-0.019535198;0.04007803;0.022438497
-0.125805753;0.104900137;0.191967694;-0.006778423
0.079000057;0.129040027;0.193500382;0.023204842
-0.041699343;-0.102587888;0.150431766;-0.015591393
0.010795317;0.095416612;0.06919915;-0.086574138
-0.186347043;0.016099867;0.00467287;-0.061859498
0.028421257;0.103750627;0.006818638;-0.068373433
0.123639677;0.354345577;-0.055868418;0.058839907
0.003131857;0.052597072;0.027816502;-0.031493063
-0.084614693;0.276753112;-0.060313226;0.005004142
-0.059325293;-0.059480948;0.04344995;-0.014920843
0.093560627;-0.024133268;0.073490686;0.027132362
0.137625487;0.306927952;-0.077785898;-0.042796658
0.004472967;0.148581832;0.124222758;-0.042700863
0.071145017;-0.130176323;-0.03471729;0.010272767
-0.025414503;0.032193112;-0.00207097;0.040734997
-0.191903053;0.339114457;-0.005902698;-0.000360278
0.029570777;0.207207262;-0.026440754;0.016978287
0.020949397;0.014375587;-0.08023821;0.009889592
0.022098907;-0.272141813;-0.06107957;-0.098069323
-0.216809273;-0.097702433;0.037012646;0.002896692
-0.148604533;0.216403402;0.009270942;-0.110043468
0.133218997;0.018686287;0.009424206;-0.048161073
-0.024839743;-0.268980638;-0.076559746;0.078190127
0.043939757;-0.098851958;-0.063072066;0.021288982
-0.074269023;-0.091667468;0.127288134;-0.011280703
0.117892087;0.129902167;-0.03747613;0.027707122
0.033019337;0.100014682;-0.03471729;0.036328507
-0.139983143;0.206345122;-0.029965946;-0.072205163
-0.034035893;0.318423142;0.119624686;0.022534292
-0.014877253;-0.074137313;0.142461774;0.023875397
-0.004914763;-0.030168248;0.002527102;0.041980307
-0.105114433;-0.332204138;0.075483182;-0.035037408
-0.162781923;-0.203458103;0.080234526;0.021576362
-0.022732293;0.025583392;-0.085909162;0.049643762
-0.039208723;0.185079037;-0.13802065;-0.013196563
-0.241523913;0.049148512;-0.10828645;-0.065212258
0.078425297;0.127315747;0.101079126;-0.007257388
0.001790757;-0.111496643;0.155029838;-0.128914723
-0.032120033;-0.085632488;0.06644031;0.030868297
-0.245355643;0.024146497;0.005592478;-0.025362298
-0.302831553;0.214104367;-0.116869522;0.046482587
0.078233717;-0.071263508;-0.058473994;0.041213962
0.094518557;-0.011201198;0.014941894;0.072634122
0.066355357;0.146282797;-0.02230249;0.002896692
-0.188071323;-0.090517943;-0.144304682;-0.008790078
-0.037484443;-0.163799723;0.007891518;0.041980307
-0.034993823;0.114096292;0.10966219;0.035178992
-0.059900053;-0.066952823;0.047588214;0.021001602
-0.125805753;0.134787607;0.107516422;0.003088277
-0.027713543;-0.108335468;0.104757582;-0.078719098
-0.040166653;-0.141096743;0.21419171;0.034221057
-0.065839223;0.083059297;0.198711534;-0.002659313
0.090303657;0.037940707;0.065980502;0.026940777
-0.023115473;0.124729327;-0.006822314;0.050793277
0.054285417;0.062942722;0.060156278;0.040639202
-0.160482893;0.102888487;-0.044373242;-0.039922863
0.030911887;-0.031317758;-0.04146113;-0.089543728
0.041832307;-0.002005043;0.021992278;-0.027757128
-0.199183333;0.189102352;0.02659035;-0.025841263
-0.182323733;-0.035628458;-0.015098842;-0.046724178
-0.074652203;-0.129601568;0.17939963;0.039777062
0.034552027;0.052597072;0.13725063;-0.044425143
0.072294537;-0.076723733;-0.102308954;-0.092417523
-0.097450973;-0.146556953;-0.065524378;-0.052950733
-0.054152463;0.219851962;0.03777899;-0.014729253
0.011944837;0.045412582;0.023831502;0.009314832
0.015968147;0.144845902;0.081460678;0.021672152
-0.143240113;0.207782017;0.136331014;-0.156407368
0.009645797;-0.138222953;0.057550702;-0.024212778
-0.043423623;0.159789637;0.04115091;0.014200287
0.079574817;0.153179902;-0.031038826;-0.002276143
0.025739057;-0.168110423;-0.024754794;0.102042632
0.010028967;-0.015224498;0.070425302;0.033071542
-0.147838193;0.175595512;0.04728167;-0.075078958
0.026696987;0.029031937;0.026437078;-0.065116468
0.042981827;-0.197135753;-0.067976682;-0.009652218
0.117508917;0.088519507;-0.002224242;0.006824212
0.180732417;-0.006315743;-0.094338962;-0.064733293
-0.161440823;-0.169547318;-0.115183562;-0.009364838
-0.038059203;-0.214091138;-0.127445082;-0.015974568
-0.002424143;0.040239742;0.098320278;-0.052184388
0.088196207;-0.157190003;0.034560342;-0.041072378
-0.055110393;-0.032179898;0.017240934;-0.055920323
-0.051853423;0.045699952;0.112421038;-0.043084038
-0.192286223;0.110935117;0.068586078;-0.032546788
-0.090553863;0.359231032;-0.062458994;-0.008406903
-0.022349123;0.229622857;0.080234526;0.015637182
0.033019337;-0.084195593;-0.076099938;-0.004958353
0.151994467;0.193413037;-0.171586586;0.033167332
0.158699987;-0.004878848;-0.117635866;0.037478027
0.058883497;0.006903712;0.048354558;0.009027452
0.017500837;0.035354287;0.046055518;0.089014757
0.105438977;0.023571727;0.005285942;0.034700027
-0.054344043;0.007191097;0.100772582;0.011901247
-0.104348083;0.180193582;0.051573206;0.049164797
-0.226197013;0.020697937;-0.065217834;-0.026032848
-0.158567023;0.051447547;0.122230254;-0.066936538
-0.023690233;0.053459197;0.015401702;0.027707122
-0.107796643;0.298881322;0.077015878;0.059989427
-0.188071323;0.320434792;0.180932318;-0.011089113
0.061565697;0.149156587;0.135258126;0.028569262
0.062523637;0.035354287;-0.119015282;-0.004096213
-0.009896013;-0.048560528;0.02153247;-0.081018133
0.071336607;-0.077298488;0.047434942;0.042650857
-0.121016103;0.029894077;0.012183054;0.002896692
-0.156651163;-0.145982198;-0.12453297;-0.023638023
0.021140977;0.010639657;0.03164823;0.038914927
-0.094577183;-0.014362373;-0.025214602;0.043417207
-0.152053093;-0.171846353;-0.010347506;-0.041742933
0.072869297;-0.107185958;0.02260535;0.028760847
0.070378677;-0.207481418;0.096481054;0.025887052
0.038383747;0.298019197;0.016168046;0.009793797
-0.067371923;0.188527582;0.07824203;-0.062721638
0.074593577;-0.004591463;0.064907622;-0.035995343
-0.010853943;0.021847462;0.111654686;0.003950417
-0.031928443;-0.104312168;0.058470318;0.057498802
0.077275787;0.047711617;0.060462814;0.070430882
0.059841427;-0.153166688;-0.066443986;0.105395392
0.134751687;0.085933087;-0.007282122;0.078573302
-0.057601013;0.102888487;0.010343822;0.039393892
-0.135768243;0.098865172;0.006971902;0.005770487
0.076126267;0.178469302;-0.108592986;0.055774527
0.015968147;0.139098307;-0.057860922;0.090260067
0.070953437;-0.039364388;-0.074260714;0.021863737
-0.010087593;-0.232196063;-0.056481498;-0.014920843
-0.050895493;-0.098564573;-0.012953074;0.015158217
-0.204547753;0.232496662;0.149512158;-0.023159053
-0.105306013;0.090818542;0.01816055;-0.007832148
0.059458247;-0.062642123;0.226146694;-0.029194023
0.194526637;0.069839842;0.163766182;-0.038390168
0.015968147;-0.164374478;0.025364198;-0.013100773
0.223264587;-0.192825053;-0.028893066;0.054433422
0.086088757;-0.114083063;0.072264534;-0.004192003
-0.032120033;-0.222425153;0.034253798;0.022917462
0.035318367;-0.157477373;-0.10261549;0.109131327
0.104864217;0.052022302;-0.132656234;0.039777062
-0.014877253;0.059206792;-0.103994914;-0.014825048
0.138391827;0.054896107;0.030268806;0.030006162
-0.082698823;-0.294844793;-0.051423618;-0.007832148
-0.021199603;-0.152017163;-0.03241825;-0.026320228
0.058500317;-0.226161083;-0.051423618;-0.033217338
0.010986907;0.039090232;-0.01111385;-0.008790078
0.016734497;0.263821027;-0.000538282;-0.015399808
0.109653877;0.085070947;-0.111964906;-0.083317173
-0.012386633;-0.138222953;-0.028433258;-0.115982643
-0.017942633;-0.071550893;0.065060886;-0.007353178
-0.011237113;-0.111496643;0.140775814;0.053379697
-0.038825553;-0.186215333;0.001147678;-0.050939078
-0.057984183;0.106049662;0.081460678;0.054625007
-0.012769803;-0.186502703;0.07824203;-0.030822508
-0.097642563;-0.500321168;0.10521739;0.028186087
-0.124847823;-0.328468208;-0.07564013;0.085087237
0.149312257;-0.098851958;0.044063022;0.011134902
0.003515037;-0.149143373;-0.023375378;0.001172412
-0.060666393;0.021272692;-0.107213562;0.004908347
0.105055807;-0.148568618;-0.07012245;-0.010418563
-0.154735293;0.020985322;0.058930126;0.021863737
0.052752727;0.087369982;0.04176399;0.051463832
-0.118908653;-0.204032858;-0.14307853;-0.035707963
-0.099558423;0.088806892;-0.003910202;-0.031684648
-0.071012063;0.037078567;-0.099396842;-0.008502698
-0.001083043;-0.004878848;0.072724342;-0.086190968
-0.152819433;0.038228092;-0.031805178;-0.029960373
0.022865257;-0.015799268;0.026437078;0.021672152
-0.002998903;0.058057282;0.00237383;-0.012238633
0.178624967;0.086507857;-0.003450394;-0.064924883
0.084364477;0.067540807;0.019386702;0.013146562
-0.106838703;-0.140521988;-0.041001322;-0.006395248
-0.085381033;-0.380196518;-0.166528706;-0.005149938
0.008687867;0.108061312;-0.006209234;-0.069906128
-0.084423103;0.334803772;-0.033337866;0.017074082
-0.005489523;0.118119607;0.040691102;-0.022775883
-0.046872173;-0.112933553;-0.030579026;-0.067511298
0.153718737;0.093979717;0.104144502;0.069568742
0.004472967;0.183929512;0.060156278;0.005674692
0.002365517;0.022996972;-0.019390378;-0.089160553
-0.220257833;0.293995882;-0.037935938;-0.071917783
0.089920487;-0.021546848;-0.12621893;-0.011568078
0.118850027;-0.011775953;-0.105834146;0.003758827
0.134943277;0.029894077;0.016014782;0.061905287
-0.120058163;0.016962007;-0.112577986;-0.049981143
0.065205837;0.195424702;-0.119321826;-0.097686148
-0.109712503;-0.107185958;-0.065984178;0.008165317
-0.004914763;0.064092247;0.023984774;0.106065942
-0.049362803;0.027882427;-0.005136354;-0.010897528
-0.033652723;-0.061779983;0.059849742;-0.084658278
0.083598137;0.262958887;0.087131638;0.033933682
0.147013217;0.136511887;0.155489646;0.002992482
0.072102947;0.154904182;-0.017397882;0.023109052
-0.048021693;0.157777972;0.016168046;0.041213962
0.054668597;-0.117531623;0.067206654;0.036328507
0.230544867;0.017824147;0.032261302;-0.072013578
0.191461247;-0.125578253;0.038545334;-0.056495083
-0.127913203;-0.013500233;0.010190558;0.001651377
0.003131857;-0.237368888;-0.120854514;0.039777062
0.056201287;-0.027007073;-0.144611226;-0.003425658
0.057925557;-0.180180353;-0.07564013;0.025120707
0.084939237;-0.024708023;0.05126667;0.005962072
0.033785677;-0.270130148;-0.042993818;0.032400987
-0.031162093;-0.077298488;-0.034410746;0.032017817
0.062523637;-0.159489038;-0.091886658;0.016595112
-0.034419063;0.034779532;0.105370654;-0.001318208
-0.120632923;-0.047411018;-0.083150322;-0.008790078
-0.158567023;-0.120980168;-0.051423618;0.077806957
-0.038059203;0.102601102;-0.009734426;0.094283382
0.056009697;0.198873247;0.13050679;0.033454712
0.025930637;0.218702437;0.013869014;-0.035037408
-0.217192453;0.096278752;-0.100776266;0.036615887
-0.167379993;-0.039651773;-0.018164226;0.018415187
-0.122357203;0.039664987;-0.147983146;0.104341667
-0.125997343;0.256636537;0.090197014;0.068515017
0.031486647;0.028744567;0.124222758;-0.022296918
0.077467367;0.062367967;-0.031958442;-0.044137763
0.179391307;-0.061492613;0.066900118;0.061426322
-0.009704423;-0.176444423;0.084219526;0.043991962
0.031295057;0.029031937;-0.059853418;-0.110043468
-0.032120033;-0.028731338;-0.045446122;-0.040497618
0.065972187;-0.056607158;0.059389934;0.046865757
-0.068521433;0.247153012;-0.118248938;-0.034845823
-0.177725663;-0.080172278;-0.092959538;0.040926582
-0.162973513;-0.051434333;-0.029812674;0.060851562
-0.140941083;0.106337032;-0.009121354;0.077998542
-0.089404353;0.014088202;0.080234526;0.006536832
0.038192167;0.173871232;-0.016631538;-0.023063263
0.055243347;-0.057181913;-0.092959538;-0.092417523
-0.076376473;-0.314961368;-0.101236074;-0.022775883
0.119041607;-0.175007528;-0.081004554;-0.003713038
-0.013727733;0.027595042;-0.06782341;-0.030439338
0.060990937;-0.024708023;0.131119862;-0.031684648
0.092794277;0.092830207;0.19901807;-0.004383593
-0.112586303;-0.106323818;0.026437078;-0.034750028
0.077084197;-0.055745018;0.012183054;0.042076102
-0.001849383;-0.077011103;-0.08069801;-0.020476848
0.120191127;0.243417082;-0.040081706;0.038244372
0.103906287;0.140822587;-0.079471858;-0.044329348
-0.039400313;0.090243787;-0.023681914;-0.124412443
0.089920487;0.141397342;-0.105374338;0.0000228921
-0.093810833;0.175595512;-0.073034562;0.006536832
0.002173927;-0.143970533;-0.092806274;-0.086286758
-0.079058683;0.212380087;-0.038855554;0.044279342
-0.080016613;0.190826617;-0.136794498;0.051559627
-0.043806793;0.232784032;0.037012646;0.050793277
-0.064689713;0.340263982;0.076249534;0.050601692
-0.141707423;-0.194549333;0.105677198;0.024545947
-0.110287263;-0.232196063;0.133418902;-0.035420583
-0.092469733;0.135649747;0.020153046;-0.029577198
0.084556067;0.008053237;0.071038382;0.034412647
0.165022337;0.083059297;0.008964398;0.037094857
0.183414627;0.122430292;-0.026134218;0.047440517
0.099499797;-0.107760713;-0.090200698;0.037190647
-0.013919323;-0.139372463;-0.056788034;-0.000743453
0.019416707;0.095416612;-0.095565114;-0.012909183
0.087813037;0.037078567;-0.104148186;0.001459792
0.037425817;-0.069539243;-0.024141722;-0.023350643
0.119807957;0.085358332;-0.015405386;-0.047011558
0.022673667;0.052597072;0.025823998;0.030006162
-0.075418543;0.305491057;-0.086062434;-0.046724178
-0.061432743;0.131051677;0.034713606;-0.017986223
0.090495237;-0.035915828;0.015095166;0.059893632
0.019225117;0.250601572;-0.092653002;0.010943317
-0.072736333;0.217552927;-0.071655138;-0.073642058
-0.048979623;-0.137648183;-0.076406482;-0.018656773
-0.079250273;-0.013500233;-0.036096706;-0.082071858
-0.094002423;-0.165811388;-0.01954365;-0.104870638
-0.022157533;0.036216427;0.100772582;-0.050555903
0.001599167;-0.016086638;0.035326686;0.043896172
0.025930637;0.248302537;-0.046825546;0.060468392
-0.121207683;0.142546867;0.019539966;0.017265667
0.220199207;-0.070976138;0.055251662;-0.011089113
0.183606207;0.050585407;-0.015098842;0.095337107
-0.257234003;-0.093679118;-0.035330362;0.028090297
-0.066413983;0.107199172;-0.027207106;-0.029289818
-0.164506203;0.158927497;-0.02567441;-0.027661333
-0.052428183;0.045987337;0.132346014;0.020714222
0.067696467;-0.080747033;-0.032111714;0.073879437
0.036851057;-0.062929508;-0.038855554;0.047727897
-0.071395233;0.117257467;-0.12284701;-0.022488503
0.056967627;0.210081052;-0.152734482;-0.047873693
-0.065456053;0.090818542;-0.043606898;-0.042988243
-0.010279183;0.150880867;-0.006362506;-0.053333908
0.100649317;0.048861127;0.000534606;-0.064350123
0.005814067;-0.023271128;-0.097251074;-0.018465188
-0.091703383;-0.131613218;-0.125452586;0.020139462
-0.086338963;-0.107760713;-0.13127681;-0.068373433
0.150461767;-0.306914738;0.041457446;-0.046532593
0.094901727;0.035641672;-0.014179234;0.090930622
0.037234237;-0.032179898;-0.010960578;0.038914927
0.034552027;-0.059480948;0.081307414;0.027802917
-0.038633963;-0.173283248;-0.036556514;-0.048544248
-0.193818913;-0.181904633;-0.06107957;0.016786702
0.204489127;-0.320708948;-0.064298218;0.029239812
0.078808477;0.081047647;-0.173119274;-0.029002438
-0.088446413;0.158640112;-0.043300354;-0.012142838
0.092027937;0.289397797;0.008964398;-0.012813393
0.031678227;-0.005453603;-0.279181482;-0.052375973
-0.002424143;-0.202308578;-0.020463266;0.040926582
-0.050320733;-0.124428728;0.073030878;0.032592577
0.080724337;-0.100288853;-0.002530778;-0.035995343
-0.072161573;0.141397342;0.030268806;0.071005642
-0.039975073;0.297444427;0.032874382;-0.034175268
0.171344687;0.311813407;0.134645054;0.091601172
0.131111547;0.104900137;0.090810094;0.006920002
0.079191647;-0.075574208;0.087438174;-0.035324788
0.044131347;0.099152557;-0.136487962;-0.030535128
0.096626007;-0.073275173;-0.13694777;-0.041263968
0.079000057;-0.139085093;-0.054642266;0.074933162
-0.044189973;0.089669032;0.066287038;0.099264627
-0.056451493;0.061505827;-0.040541514;-0.033600513
-0.002998903;0.240830662;-0.08238397;-0.026224438
0.186288417;-0.047985773;-0.069202834;-0.013004978
-0.058750533;-0.184203668;-0.069049562;-0.031109888
0.042598647;-0.118681133;-0.033644402;0.030485127
-0.057217843;-0.211792103;-0.015865194;-0.012238633
0.047388307;-0.016948778;-0.001304626;0.073208882
-0.116801203;0.178756687;0.050040518;0.011901247
-0.165272543;0.266120062;0.183997702;-0.044425143
0.051603207;-0.039364388;0.016168046;0.000885032
0.039341687;-0.049135298;0.066287038;0.090834827
-0.103581743;0.046274722;-0.094952042;0.070909847
0.202573257;-0.250300973;-0.073187826;0.054433422
0.011753247;-0.050572193;-0.008968082;-0.002755108
0.026505397;-0.013212848;0.087897982;0.031347262
0.058500317;-0.010913813;-0.021536146;-0.010131183
-0.064881293;0.148581832;0.040844374;0.004812552
-0.054918803;0.009202762;-0.023835186;-0.034462648
0.039724857;0.118981732;0.02996227;0.043225617
0.007921517;-0.005453603;0.030115534;0.018894152
0.180349247;0.214679122;-0.128364698;0.050505902
0.041065957;0.190251862;-0.162850242;-0.002180348
-0.082890413;0.095129242;0.02429131;0.025695467
0.138966587;-0.054595508;-0.000538282;-0.064350123
0.064822667;0.053746582;0.072877614;0.035945337
-0.007405383;-0.019535198;-0.125605858;0.076849022
-0.066030813;0.035066917;0.017700742;0.025120707
-0.127913203;0.200310142;0.063988006;0.044375137
0.070378677;-0.148855988;0.029502462;-0.088394208
0.058883497;-0.198285278;0.144454278;-0.067607088
-0.015260433;0.026732902;-0.10046973;0.017457252
-0.088254833;0.237382102;-0.074720522;-0.054100253
-0.046297423;-0.218976593;0.072111262;-0.090693248
-0.032503203;-0.185927948;0.02260535;0.025503882
-0.051853423;-0.001717673;-0.006669042;0.002896692
0.014243867;-0.069826613;0.05632455;-0.058602533
-0.142090593;0.112372012;0.013869014;-0.001414003
-0.122357203;0.277040482;-0.003450394;0.048206862
0.002173927;0.055470862;-0.027207106;0.001842967
0.041832307;0.370438837;-0.064144954;-0.020093673
-0.020816433;0.203758702;0.119931222;-0.004575178
-0.001083043;0.159789637;-0.082077434;0.052804937
0.064247907;0.003455167;-0.090200698;-0.004192003
-0.040933003;-0.080747033;-0.068129946;-0.023542228
-0.102432223;0.120418642;-0.04253401;0.043512997
0.106013737;0.220714102;-0.045139586;-0.067798678
0.229778527;-0.007752638;-0.061845914;0.019085737
0.163681227;-0.038502248;-0.00881481;0.077806957
-0.076759653;0.090243787;0.083453174;0.030485127
-0.239416463;-0.193112438;0.089124134;0.055774527
-0.012769803;-0.028731338;-0.025214602;0.057881977
0.045472447;0.138523552;-0.107826642;-0.014825048
-0.041890933;0.095703997;-0.002990586;0.008548487
0.188587457;-0.063791648;-0.067210338;-0.058794118
0.110994977;-0.062067368;-0.026594026;-0.000360278
-0.064689713;-0.176157053;-0.051883426;-0.018369398
-0.033844303;0.265545307;-0.051117082;-0.022009538
-0.107796643;0.285949252;-0.039008826;-0.097111388
-0.073502683;0.194562562;-0.04651901;-0.021147398
-0.177342483;0.080472877;-0.065830914;-0.057069838
0.135518037;0.107486557;-0.001764434;0.024354362
0.159657917;-0.072125648;-0.074413978;0.063246392
0.138966587;0.018973657;-0.03747613;-0.019518913
0.066546947;0.025008637;-0.079778402;-0.033887893
-0.014685673;0.008053237;0.078395302;0.055966112
-0.115460093;0.243991837;0.036552838;0.016307737
-0.044956313;0.055183477;-0.023835186;-0.052663353
0.110994977;0.051447547;0.022758622;-0.010610148
0.051794797;0.167261497;-0.041154586;-0.018082018
-0.184622773;0.125878852;0.066133774;0.081926062
-0.145347563;-0.122991833;0.061995502;-0.028427678
-0.069096193;-0.083333453;0.056937622;-0.044904108
0.020566217;-0.007177883;-0.073954178;-0.069235573
-0.041507763;-0.151442408;-0.05264977;0.003758827
0.015010217;0.264108412;0.071957998;-0.073450473
-0.098983663;0.121568152;0.02091939;-0.018848363
-0.121782443;0.116682697;-0.06506457;0.025024912
0.130728377;0.049723267;0.011723246;0.062192667
-0.076951233;0.074150527;-0.010654042;0.071293022
0.043556587;0.059206792;0.050806862;0.001172412
0.106205327;0.016674622;-0.001917706;-0.038485963
0.203914367;-0.103737398;0.007125174;-0.011663873
0.133793757;0.004604677;0.103224894;0.019468912
0.008304697;0.184504267;-0.030425754;-0.026416023
0.023631607;0.458376967;-0.049431122;-0.030535128
-0.037867623;0.302042497;0.134031974;0.006249452
0.046238797;-0.136786043;-0.036556514;-0.067128123
0.146630047;-0.101150993;0.077015878;-0.042126103
0.066930117;-0.088218908;0.041917254;0.009602212
0.099499797;0.076162192;-0.069969178;0.031155677
-0.004340003;-0.109197608;0.025210926;0.009889592
-0.062390673;-0.110634518;-0.014639034;-0.089447933
-0.128871143;-0.214665908;0.006052286;-0.056111908
-0.003573663;0.014088202;0.02766323;-0.035133203
0.080532747;-0.022121618;0.12314987;-0.017698843
-0.061432743;0.061218457;0.034100534;-0.084945653
-0.063157023;-0.128739428;-0.066597258;-0.009173253
0.064439497;-0.179318228;-0.069049562;0.028760847
-0.028096713;-0.150867653;-0.059240338;0.021576362
-0.017942633;-0.075286823;-0.03073229;-0.026703403
-0.012003463;0.004892062;-0.039468626;-0.104870638
0.030911887;-0.275590373;-0.12284701;-0.008023733
-0.039975073;-0.172133738;-0.072574754;0.069856122
-0.103198563;0.031618357;0.058623582;0.045620447
0.026505397;0.023284357;0.116559302;0.016499322
0.101415667;-0.254036903;-0.014639034;0.013817112
0.137433897;-0.252600008;-0.075333594;0.004812552
-0.192477813;-0.073849928;0.081154142;-0.000360278
-0.068904613;0.149443972;0.09341567;-0.088777383
0.167704547;0.070127212;0.082073758;-0.005341523
0.002557107;0.102026347;0.058623582;-0.018560983
-0.033461133;-0.081896558;0.032261302;-0.047969488
-0.201099193;-0.094541258;0.024444582;-0.020860018
-0.142665353;-0.266106848;0.059849742;0.002513517
0.010028967;-0.222999908;-0.04989093;-0.058027773
0.036851057;-0.222999908;-0.070888794;-0.050172733
-0.095726703;-0.221563013;-0.105374338;0.023109052
-0.027330373;-0.096265538;-0.036096706;0.046865757
-0.123889893;0.547464622;0.107056614;0.011134902
0.085513997;0.231059752;0.00130095;-0.030056163
0.061182527;0.103750627;0.081920486;-0.009652218
0.209661957;-0.054020738;-0.060619762;-0.030439338
-0.114502163;-0.040513898;-0.11165837;-0.022775883
-0.267579663;0.112946767;0.15411023;0.032305197
-0.071395233;0.003167782;0.073643958;0.009410627
0.047579897;0.220714102;-0.02061653;-0.001414003
0.065205837;0.160364392;0.04850783;0.0000228921
0.023440017;-0.186790088;0.092496054;-0.016357738
0.040108027;0.033055252;-0.02460153;-0.009460628
-0.007980143;-0.049422668;0.014482086;-0.003521453
-0.173319173;-0.023845898;0.000994406;-0.090022693
-0.111053603;0.117832222;0.03716591;0.021959532
-0.150520393;0.102601102;-0.067363602;0.044854102
-0.219683073;-0.110059748;-0.160091402;0.004812552
0.111761327;-0.033329423;0.002067294;0.007303177
0.073444057;-0.062354753;0.01478863;-0.005245728
-0.027138783;-0.264957323;0.07487011;0.034029472
0.000832827;0.007478482;0.00574575;0.053475487
0.010986907;0.037940707;0.09678759;-0.095482903
-0.096876213;0.068690317;-0.010960578;0.024737537
-0.122165613;-0.043100318;-0.006515778;-0.079006478
0.006005657;-0.174145388;-0.025214602;-0.032259408
0.273843387;-0.029018723;-0.02797345;0.012092837
0.182839867;0.043113547;-0.127138546;-0.024404368
0.118083677;-0.058618808;-0.005902698;-0.133033833
-0.141324253;-0.032754653;-0.039468626;-0.074312613
0.017692427;0.266120062;0.078701838;0.033454712
-0.124273063;-0.012925463;0.100925854;0.044758307
-0.088254833;-0.325594403;-0.035483634;-0.062242673
0.084364477;0.154329427;-0.082843778;-0.025170713
-0.024264983;0.198585877;0.021992278;0.098881457
0.095668077;0.111222487;-0.012646538;-0.009077458
-0.116801203;0.013226062;-0.08974089;-0.015399808
-0.186921803;-0.176731808;-0.020309994;-0.099506218
-0.043232033;-0.352033328;0.040844374;-0.012047048
-0.159333373;0.074150527;0.085139134;0.025024912
-0.042848863;0.110072977;0.04452283;0.071101432
-0.175235033;-0.033616793;0.01080363;0.082117647
-0.051278663;0.034492162;0.109968726;0.024258567
0.127854577;0.003455167;-0.075333594;0.116603192
0.029762367;0.150306112;-0.03134537;0.079243852
-0.071203643;-0.051721703;0.079161646;0.034795817
0.140499277;0.013800832;0.080081254;0.026940777
0.057925557;0.050585407;0.067972998;0.039681272
0.060990937;0.125016712;-0.015405386;0.037286442
-0.010662353;-0.186502703;0.055251662;-0.022488503
0.088962547;-0.191962928;-0.067210338;-0.013388153
0.193568697;0.143983762;-0.054029194;-0.036570098
-0.069479363;0.393141817;0.089737214;0.001842967
-0.161632403;0.311238652;0.087897982;0.050122727
-0.084806273;-0.022408988;0.003906518;0.070430882
-0.014494083;-0.059480948;-0.09479877;0.082788202
-0.010470773;-0.136498673;-0.06950937;0.032879957
0.000832827;-0.132187973;0.044982638;0.028281882
0.032444577;-0.201446453;0.028123038;0.107311257
0.000832827;-0.005166218;-0.082077434;0.118231677
-0.076184893;-0.177306563;0.12989371;0.004716762
-0.077334413;-0.104312168;0.107209886;0.018223597
-0.072161573;-0.134487008;0.008198054;-0.098548288
0.025547467;-0.204894998;-0.071961674;-0.034750028
0.097967107;-0.175869668;-0.110278946;0.046578382
0.063098387;-0.118968518;-0.083456858;-0.026799198
0.014818627;-0.125003483;-0.058014186;0.019277322
-0.082698823;0.079035982;-0.059853418;0.036903267
-0.085572623;0.093692332;0.027356694;-0.004000418
0.105822147;0.083921437;0.07992799;-0.009556423
0.027080157;0.166399357;0.090656822;-0.019423123
0.019416707;0.131339062;0.134798318;-0.035037408
-0.024648163;-0.049997423;0.08100087;-0.020093673
0.000641237;-0.016086638;0.07088511;0.069568742
-0.226005423;0.008915377;0.085905486;-0.001892968
-0.301873623;0.033917392;-0.038242474;0.018702562
-0.120249753;0.096853507;0.033640726;-0.060805773
0.048346247;-0.080172278;-0.113650866;0.022438497
0.059075077;-0.001717673;-0.028586522;-0.063009018
-0.063157023;-0.040226528;-0.077632634;-0.008598493
0.016351317;0.177894547;-0.078245706;-0.028140298
-0.095151943;0.133063342;-0.051883426;0.030772507
-0.081932483;0.228473347;-0.005136354;-0.054579218
-0.033269543;0.043688302;-0.073954178;-0.041263968
0.058117147;-0.016086638;-0.03303133;-0.017315673
0.034935197;-0.062929508;-0.008508274;-0.014441878
0.155059847;-0.135923918;0.062915118;-0.065691228
0.047196727;0.173009092;0.054178782;-0.033408923
-0.031545273;0.193700422;0.052646094;-0.109277123
-0.104348083;-0.219838733;0.081920486;0.001268207
0.036276297;-0.222425153;0.114260262;-0.043467208
-0.052811353;0.084496192;0.146600038;0.059797837
-0.006447453;0.070701982;0.084679334;-0.045478868
0.000258067;0.000293992;0.017854006;-0.069139783
-0.100899533;-0.057181913;-0.052496498;-0.014825048
-0.021774363;0.196286827;-0.046978818;0.095624487
-0.036718103;0.208644157;0.088970862;0.103383737
0.049112587;0.048286372;0.007125174;-0.042605068
0.073444057;0.084208822;0.095714702;-0.002371933
0.012328007;0.038515462;0.10797623;-0.051418043
-0.058175773;-0.088793663;0.217410358;-0.082071858
-0.086530553;0.042538777;-0.021842682;-0.046819968
0.013285937;0.071851492;-0.06675053;-0.077569583
0.195484567;-0.087356768;-0.134188922;-0.015782978
0.204489127;-0.006890498;0.069965502;0.076370057
0.112719257;-0.111496643;-0.00544289;0.042171892
0.074018817;-0.089081048;0.04390975;0.046195207
0.142223557;-0.029018723;-0.027666906;-0.018656773
0.101415667;0.219564577;-0.144304682;-0.067223918
0.064056327;0.220426717;-0.159018514;0.000597652
-0.230411913;-0.113795693;-0.021842682;-0.026511818
-0.027521953;-0.011488568;0.157788686;0.023875397
0.088004617;0.065241772;-0.012493274;0.006249452
0.042023897;-0.010913813;-0.105221066;0.093133867
-0.063731773;0.157203217;0.086825094;-0.007448973
-0.062773843;-0.069539243;-0.026594026;-0.050460113
-0.081357723;-0.034766318;0.010190558;0.022438497
0.016351317;0.204046087;0.017087662;0.029335607
0.028612847;0.320147422;-0.012953074;-0.035803753
-0.120824513;0.329056177;-0.072268218;0.016499322
0.032636157;0.217840297;-0.091273578;-0.028715058
-0.030204163;0.450330352;0.021839006;0.007111592
0.012711177;0.219564577;0.014635358;-0.029960373
0.063481567;-0.004304078;-0.074260714;-0.012621803
0.033019337;-0.105174308;-0.030425754;0.008069522
-0.009129663;-0.126727763;0.062608582;0.070335087
-0.199183333;-0.128739428;0.048048022;0.045045687
0.106205327;-0.031030373;-0.008508274;-0.041647138
0.068462807;-0.251450483;-0.111198562;-0.104870638
-0.008363323;-0.123566588;-0.20883097;-0.002563523
0.034743607;-0.070401383;-0.109206066;0.115357882
-0.073502683;-0.136498673;-0.12177413;-0.015399808
-0.075610133;0.057195142;-0.044679778;-0.030822508
0.015010217;0.004029922;-0.058627266;-0.065212258
-0.257234003;-0.112071413;-0.002224242;0.034604232
0.014435457;0.063517492;-0.068896298;0.033167332
0.171344687;0.086795227;0.014941894;0.027036572
0.039724857;-0.067240208;-0.164536202;0.018606772
0.047388307;-0.146269568;-0.154113906;-0.000839243
0.179199727;-0.251737868;0.025670734;0.012859182
-0.057026253;-0.179892983;-0.127138546;0.038627547
-0.011237113;0.088232122;-0.12116105;0.092367517
0.098733457;-0.053733368;0.089890478;0.072442537
-0.131170173;-0.160638548;-0.007588658;0.071963572
-0.028863063;-0.011201198;-0.094032426;0.026270227
0.078808477;0.197723737;-0.107979914;0.006536832
0.002940277;-0.212941628;0.026130542;0.007494762
-0.011811873;0.035641672;0.132346014;0.005674692
0.053710657;0.052022302;0.014635358;-0.073258888
0.053519077;-0.198572648;-0.03640325;-0.083987723
0.042407067;0.048573757;-0.004676546;0.000310272
0.038766927;0.064954387;0.016168046;-0.026894988
0.037808997;0.077599087;0.085752214;0.079818612
0.006580417;-0.070976138;0.05187975;-0.033887893
-0.109329333;0.042538777;-0.001457898;-0.003234073
-0.098025733;0.101451592;0.023065158;0.014391872
-0.129637483;-0.163512353;0.081767214;0.020235257
0.070570257;0.027882427;0.00405979;0.080201787
0.063289977;-0.218689223;0.068739342;0.115741057
-0.018325813;-0.049135298;0.043143406;0.039010717
0.087046687;-0.002579813;-0.043913434;0.006153657
-0.032311613;0.289110427;0.027509958;0.020331047
-0.275817873;0.216403402;0.055864742;-0.090501658
-0.129829073;-0.033616793;-0.01555865;-0.062913223
-0.187304983;0.008340622;-0.155799866;-0.045191488
-0.110478853;0.193987792;-0.047438626;0.013433942
-0.089787523;-0.137360813;0.105064118;-0.072013578
-0.027713543;-0.127015148;0.03547995;0.031251472
-0.129445903;-0.305477843;0.075329918;-0.008119528
-0.018517393;-0.027294443;-0.103841642;-0.036378513
-0.109520913;0.158065357;-0.013719426;0.051080657
0.126705067;-0.142821023;-0.000844818;-0.002084553
0.046238797;-0.010051673;0.138476782;-0.019039948
0.102565177;0.003167782;-0.020463266;0.027611332
-0.028096713;0.047424232;-0.132656234;-0.011759668
-0.092278143;-0.037640108;-0.081617626;-0.030822508
-0.167188413;-0.039651773;0.073797222;0.007590557
-0.104156503;0.131339062;-0.09587165;0.013625527
-0.025222923;0.147719692;-0.017091346;0.010272767
0.146055287;0.106624417;-0.013259618;-0.008981663
-0.029820993;-0.008614778;0.040997638;0.065545427
-0.084231513;0.180768337;0.072724342;0.040160237
-0.137492523;0.000293992;0.088664326;-0.010610148
-0.007788563;-0.056032403;-0.130510466;-0.061763708
-0.036909683;-0.012063323;-0.142771994;-0.024308573
-0.180024693;-0.084195593;0.084526062;-0.010514353
0.021332567;-0.345136208;0.022758622;0.116028432
0.212918927;0.068402947;-0.029352866;-0.005149938
0.045855617;-0.083046083;0.006818638;-0.001701383
-0.099750013;-0.308639018;-0.004829818;0.138252452
-0.002807313;0.070127212;0.114873342;0.002896692
0.060799357;0.180480967;-0.02061653;0.084512477
-0.001657793;0.073575772;0.045748982;-0.024787538
-0.041316173;0.268993852;0.002067294;-0.103529533
0.001215997;0.064379632;-0.063991682;0.020139462
0.093943797;0.057482512;-0.112884522;0.047919482
0.111761327;-0.049135298;-0.03073229;0.007877937
-0.047446933;-0.058618808;0.02321843;0.024833327
-0.004914763;0.116970082;-0.07349437;0.001268207
0.066930117;-0.116956868;0.084526062;0.003471447
0.125363957;0.003742537;0.026130542;-0.047969488
0.030337127;0.040239742;-0.09081377;0.010272767
0.055051767;0.028169812;-0.041154586;0.033646302
0.007921517;0.018973657;0.001454214;-0.048352663
0.047579897;0.031618357;0.053565702;0.042459272
0.021140977;-0.123853973;0.043603214;-0.068277643
0.083023377;-0.046836248;0.149971958;-0.007544768
0.127279817;-0.103450028;-0.070888794;-0.031014098
-0.152627843;0.046274722;0.000381334;0.026557607
-0.025031333;0.006328957;-0.039468626;0.003471447
-0.030587333;0.262671502;-0.00544289;0.046578382
-0.064881293;0.126453607;0.016321318;0.047919482
0.070378677;-0.072987788;0.168824062;0.037286442
0.189736977;-0.200584313;0.077475686;0.023109052
0.163489647;0.092830207;-0.12851797;-0.024308573
-0.027138783;0.260372467;-0.156259674;0.043129827
0.031103467;0.104325382;-0.031498634;-0.058889913
0.100649317;0.209793667;-0.061845914;0.002609312
0.108887527;0.093692332;-0.029352866;-0.003521453
0.010795317;-0.028156583;0.124682566;0.022630087
0.115976227;-0.073275173;0.033487454;-0.047298938
0.092411107;-0.139947218;0.09280259;0.019085737
0.070570257;-0.077011103;0.045289174;0.001747172
0.039916447;-0.170409458;-0.008355002;0.002417722
-0.010087593;-0.069826613;0.051726478;0.008548487
-0.094002423;-0.101438363;-0.09311281;-0.077952753
-0.069096193;-0.190813403;0.05065359;-0.063583778
0.047196727;-0.000568148;0.226299966;0.034987407
0.073827227;-0.128739428;0.085905486;0.110376637
-0.037101273;-0.064653788;0.005439214;-0.013196563
0.092602687;0.116970082;0.056631086;-0.013867118
