-0.580493847;0.664205003;-0.880150476;0.364548373
-0.546148646;0.744438107;-0.905202366;0.385384388
-0.511963755;0.824866054;-0.930589818;0.406239991
-0.477908833;0.905387997;-0.956234181;0.427062649
-0.443953179;0.985902718;-0.982056048;0.447799848
-0.410065908;1.06630885;-1.007975438;0.468399321
-0.376216123;1.146505117;-1.033911975;0.488809265
-0.342373084;1.22639056;-1.059785073;0.508978571
-0.308506385;1.305864768;-1.085514118;0.528857035
-0.274586121;1.384828112;-1.111018654;0.548395579
-0.240583057;1.463181964;-1.136218562;0.567546459
-0.206468794;1.540828926;-1.161034246;0.586263475
-0.172215933;1.61767305;-1.185386818;0.604502165
-0.13779823;1.693620048;-1.209198273;0.622220006
-0.103190755;1.768577513;-1.232391672;0.639376596
-0.068370036;1.842455116;-1.254891319;0.655933833
-0.03331421;1.91516481;-1.276622938;0.671856082
0.001996844;1.986621022;-1.297513839;0.687110338
0.03758137;2.056740841;-1.317493095;0.701666376
0.073455611;2.125444197;-1.336491702;0.715496884
0.10963369;2.19265403;-1.354442745;0.728577595
0.146127501;2.258296454;-1.37128155;0.740887402
0.182946605;2.32230091;-1.386945846;0.752408459
0.220098135;2.384600311;-1.401375903;0.763126272
0.257586715;2.445131177;-1.414514685;0.773029778
0.295414377;2.50383376;-1.426307979;0.782111404
0.3335805;2.560652156;-1.436704534;0.790367122
0.37208175;2.61553441;-1.445656179;0.797796481
0.410912032;2.668432612;-1.453117949;0.804402631
0.450062453;2.719302975;-1.459048195;0.810192327
0.489521292;2.768105905;-1.463408687;0.815175926
0.529273987;2.814806062;-1.466164715;0.819367361
0.569303123;2.85937241;-1.467285178;0.822784109
0.609588441;2.901778246;-1.466742668;0.825447138
0.650106844;2.94200123;-1.464513543;0.827380844
0.690832428;2.980023394;-1.460577996;0.82861297
0.731736512;3.015831143;-1.454920112;0.829174519
0.772787687;3.049415246;-1.447527917;0.829099642
0.813951865;3.080770811;-1.438393421;0.828425524
0.855192348;3.109897249;-1.427512648;0.827192252
0.896469901;3.136798232;-1.414885662;0.82544267
0.937742836;3.161481637;-1.400516576;0.823222224
0.97896711;3.183959471;-1.384413566;0.820578796
1.020096418;3.204247802;-1.366588857;0.817562527
1.061082316;3.222366663;-1.347058715;0.814225632
1.101874332;3.238339954;-1.325843426;0.810622197
1.142420099;3.252195339;-1.302967256;0.806807983
1.182665491;3.263964118;-1.278458421;0.802840206
1.222554764;3.27368111;-1.252349025;0.798777321
1.262030705;3.281384508;-1.224675008;0.794678794
1.301034796;3.287115742;-1.195476075;0.790604871
1.339507368;3.290919321;-1.164795615;0.786616339
1.377387773;3.292842682;-1.132680618;0.782774291
1.414614558;3.292936015;-1.099181578;0.779139878
1.451125643;3.291252097;-1.064352388;0.775774067
1.486858498;3.287846114;-1.028250226;0.77273739
1.521750335;3.282775477;-0.990935436;0.770089705
1.555738291;3.276099633;-0.952471399;0.767889944
1.588759617;3.26787988;-0.912924393;0.76619587
1.620751874;3.258179163;-0.87236345;0.76506384
1.651653123;3.247061887;-0.830860205;0.764548559
1.681402119;3.234593708;-0.788488735;0.764702853
1.709938504;3.22084134;-0.745325395;0.76557744
1.737202997;3.205872346;-0.701448644;0.767220704
1.76313759;3.18975494;-0.65693887;0.76967848
1.787685732;3.172557785;-0.6118782;0.772993853
1.810792517;3.154349788;-0.56635032;0.777206951
1.832404871;3.135199904;-0.520440273;0.782354761
1.852471726;3.115176934;-0.474234263;0.788470945
1.8709442;3.094349334;-0.427819455;0.795585679
1.887775767;3.072785021;-0.381283766;0.803725488
1.902922419;3.050551184;-0.334715657;0.812913108
1.916342831;3.027714101;-0.288203921;0.823167349
1.927998512;3.004338958;-0.241837466;0.83450298
1.937853948;2.980489679;-0.195705106;0.846930625
1.94587675;2.956228753;-0.149895335;0.860456669
1.952037774;2.931617076;-0.104496116;0.875083186
1.956311255;2.906713793;-0.059594661;0.890807876
1.958674916;2.881576152;-0.015277211;0.907624025
1.959110074;2.856259363;0.028371178;0.925520467
1.957601739;2.830816466;0.071266853;0.944481581
1.9541387;2.805298207;0.113327777;0.964487284
1.948713602;2.77975292;0.154473738;0.985513056
1.941323012;2.754226425;0.194626561;1.007529973
1.93196748;2.728761925;0.233710312;1.030504757
1.920651579;2.703399925;0.271651499;1.054399844
1.907383947;2.678178145;0.308379268;1.079173466
1.892177304;2.653131461;0.343825593;1.10477975
1.875048474;2.628291838;0.377925468;1.131168831
1.856018382;2.603688286;0.41061708;1.158286983
1.835112048;2.579346821;0.441841987;1.18607676
1.812358566;2.555290437;0.471545285;1.214477156
1.787791075;2.531539087;0.499675763;1.243423775
1.761446715;2.508109676;0.52618606;1.27284902
1.73336658;2.485016061;0.551032803;1.302682284
1.703595648;2.46226907;0.574176746;1.332850169
1.672182712;2.439876517;0.595582892;1.363276697
1.639180293;2.417843237;0.615220609;1.393883554
1.604644548;2.39617113;0.633063738;1.42459032
1.568635166;2.374859211;0.649090684;1.455314729
1.531215249;2.353903669;0.663284508;1.485972928
1.492451195;2.333297937;0.675632994;1.516479737
1.452412561;2.313032775;0.686128717;1.546748932
1.411171924;2.293096351;0.694769093;1.576693519
1.368804733;2.273474336;0.701556417;1.60622602
1.325389146;2.254150011;0.706497895;1.63525876
1.281005873;2.235104375;0.709605656;1.663704158
1.235737997;2.216316257;0.710896762;1.691475023
1.189670799;2.197762448;0.710393192;1.718484841
1.142891576;2.179417822;0.708121828;1.744648074
1.095489445;2.161255477;0.704114419;1.769880451
1.047555153;2.143246871;0.698407536;1.794099254
0.999180876;2.125361969;0.691042515;1.817223608
0.950460015;2.107569393;0.682065387;1.839174765
0.901486989;2.089836571;0.671526794;1.859876376
0.852357025;2.072129895;0.659481895;1.879254766
0.803165949;2.054414882;0.645990261;1.897239194
0.754009969;2.036656328;0.631115753;1.913762113
0.704985459;2.018818477;0.614926395;1.928759412
0.656188751;2.000865178;0.59749423;1.942170656
0.607715911;1.982760054;0.578895167;1.95393931
0.55966253;1.964466663;0.559208818;1.964012951
0.512123509;1.945948658;0.538518323;1.972343472
0.465192846;1.927169955;0.516910165;1.978887273
0.418963432;1.908094888;0.494473972;1.983605428
0.373526837;1.88868837;0.471302319;1.986463852
0.328973115;1.868916048;0.44749051;1.987433442
0.2853906;1.848744453;0.423136354;1.986490207
0.242865714;1.828141153;0.398339942;1.983615381
0.201482778;1.807074893;0.373203402;1.978795517
0.161323827;1.785515738;0.347830658;1.97202257
0.122468432;1.763435206;0.322327179;1.963293953
0.084993534;1.740806401;0.296799719;1.952612586
0.048973272;1.717604132;0.271356058;1.939986917
0.014478833;1.693805035;0.246104729;1.925430932
-0.018421704;1.669387683;0.221154757;1.908964144
-0.049663503;1.644332687;0.196615372;1.890611562
-0.079185105;1.6186228;0.172595742;1.870403647
-0.106928556;1.592242998;0.149204687;1.848376241
-0.132839518;1.56518057;0.126550402;1.82457049
-0.156867375;1.537425185;0.104740175;1.799032735
-0.17896533;1.508968965;0.083880103;1.771814398
-0.199090493;1.479806535;0.064074815;1.742971844
-0.217203955;1.449935077;0.045427194;1.712566226
-0.233270855;1.419354367;0.028038095;1.680663317
-0.247260436;1.38806681;0.012006076;1.647333322
-0.259146093;1.356077459;-0.002572871;1.61265068
-0.268905404;1.323394031;-0.015605592;1.576693843
-0.276520163;1.290026911;-0.027002022;1.539545052
-0.281976387;1.255989148;-0.036675449;1.501290086
-0.285264323;1.221296444;-0.044542754;1.462018013
-0.286378444;1.185967129;-0.050524656;1.421820917
-0.285317432;1.150022133;-0.054545945;1.38079362
-0.282084152;1.113484949;-0.056535704;1.339033397
-0.276685615;1.07638158;-0.056427525;1.296639671
-0.269132932;1.038740491;-0.054159712;1.253713711
-0.25944126;1.00059254;-0.049675482;1.210358318
-0.247629736;0.961970908;-0.042923139;1.166677505
-0.233721404;0.922911024;-0.033856256;1.122776172
-0.217743132;0.883450472;-0.022433827;1.078759777
-0.199725519;0.843628906;-0.008620419;1.034734006
-0.179702797;0.803487942;0.007613696;0.990804436
-0.157712725;0.763071061;0.026292419;0.947076205
-0.133796467;0.722423487;0.04743372;0.903653675
-0.107998481;0.681592079;0.071049541;0.860640101
-0.080366379;0.640625202;0.097145723;0.818137303
-0.050950797;0.5995726;0.125721938;0.776245335
-0.019805255;0.558485266;0.156771649;0.735062171
0.013013995;0.517415306;0.190282071;0.694683382
0.047448116;0.476415795;0.226234157;0.655201836
0.083435846;0.43554064;0.264602598;0.616707392
0.120913658;0.39484443;0.30535584;0.579286613
0.159815921;0.354382291;0.348456111;0.543022481
0.200075074;0.314209735;0.393859472;0.507994134
0.241621789;0.27438251;0.44151588;0.474276601
0.284385152;0.234956448;0.491369265;0.441940562
0.328292827;0.195987313;0.543357629;0.411052116
0.37327124;0.157530651;0.597413154;0.381672566
0.419245751;0.119641636;0.65346233;0.353858214
0.466140832;0.08237492;0.711426095;0.327660183
0.51388024;0.045784487;0.771219995;0.303124241
0.562387198;0.009923504;0.832754352;0.280290658
0.611584564;-0.025155823;0.895934455;0.259194068
0.661395005;-0.059402391;0.960660753;0.239863356
0.711741171;-0.092766336;1.026829074;0.222321566
0.762545858;-0.125199173;1.09433085;0.206585819
0.813732174;-0.15665392;1.163053356;0.192667262
0.865223704;-0.187085229;1.23287996;0.180571027
0.916944665;-0.216449508;1.30369039;0.170296216
0.968820059;-0.244705033;1.375361;0.161835907
1.020775825;-0.271812064;1.447765061;0.155177172
1.07273898;-0.297732948;1.520773051;0.150301123
1.124637761;-0.322432217;1.594252957;0.147182979
1.176401756;-0.345876683;1.668070583;0.145792144
1.227962034;-0.368035527;1.742089872;0.146092312
1.279251265;-0.38888037;1.816173228;0.148041592
1.330203838;-0.408385357;1.890181841;0.151592646
1.380755965;-0.426527214;1.96397603;0.156692851
1.430845787;-0.443285309;2.037415572;0.163284476
1.480413469;-0.458641704;2.110360052;0.17130488
1.529401286;-0.472581197;2.182669202;0.180686719
1.577753705;-0.485091358;2.254203245;0.191358182
1.625417459;-0.496162555;2.324823246;0.203243232
1.672341613;-0.505787979;2.394391454;0.216261861
1.718477621;-0.513963651;2.462771644;0.230330373
1.763779379;-0.520688428;2.529829464;0.245361658
1.808203267;-0.525964002;2.59543277;0.2612655
1.851708188;-0.529794889;2.65945196;0.277948883
1.894255593;-0.532188407;2.721760307;0.295316307
1.935809504;-0.533154655;2.782234281;0.313270122
1.976336529;-0.532706477;2.840753866;0.33171086
2.015805865;-0.530859419;2.897202868;0.350537584
2.054189303;-0.52763169;2.951469221;0.369648229
2.091461213;-0.523044099;3.003445274;0.388939963
2.127598538;-0.517119996;3.053028076;0.408309542
2.162580766;-0.509885209;3.100119643;0.427653667
2.196389908;-0.501367966;3.144627223;0.446869349
2.229010459;-0.491598816;3.186463539;0.465854265
2.260429363;-0.480610545;3.225547026;0.484507117
2.290635966;-0.468438085;3.261802045;0.502727993
2.319621963;-0.45511842;3.295159097;0.520418714
2.347381345;-0.44069048;3.325555008;0.537483183
2.373910336;-0.425195044;3.352933108;0.553827728
2.399207328;-0.408674625;3.377243387;0.569361434
2.423272811;-0.391173362;3.39844264;0.583996467
2.446109297;-0.372736901;3.416494592;0.597648394
2.467721247;-0.353412276;3.431370005;0.610236482
2.488114984;-0.333247789;3.44304677;0.621683997
2.507298612;-0.312292887;3.451509981;0.631918481
2.525281932;-0.290598033;3.456751983;0.640872018
2.542076345;-0.268214583;3.458772415;0.648481487
2.55769477;-0.245194653;3.457578222;0.654688799
2.572151543;-0.221590995;3.453183653;0.659441116
2.58546233;-0.197456863;3.445610244;0.662691052
2.597644026;-0.172845887;3.434886773;0.66439686
2.608714665;-0.147811943;3.421049204;0.664522596
2.618693319;-0.122409023;3.40414061;0.663038267
2.627600005;-0.096691113;3.384211075;0.659919957
2.63545559;-0.070712059;3.361317582;0.655149933
2.642281693;-0.044525453;3.335523877;0.648716732
2.648100594;-0.018184503;3.306900321;0.640615224
2.652935143;0.00825808;3.275523719;0.630846656
2.656808664;0.034750203;3.241477138;0.619418677
2.659744871;0.0612405;3.204849703;0.606345332
2.661767779;0.087678447;3.165736376;0.591647045
2.662901619;0.114014462;3.124237729;0.575350572
2.663170757;0.140200012;3.080459686;0.557488941
2.662599618;0.16618771;3.034513266;0.538101358
2.661212604;0.191931407;2.986514302;0.517233105
2.659034025;0.217386283;2.936583152;0.494935409
2.656088033;0.24250893;2.884844393;0.47126529
2.652398549;0.267257432;2.831426511;0.446285394
2.64798921;0.291591441;2.776461572;0.420063803
2.642883304;0.31547224;2.720084886;0.392673822
2.637103721;0.338862812;2.662434665;0.364193757
2.630672901;0.361727898;2.603651669;0.334706667
2.62361279;0.384034045;2.543878846;0.304300101
2.615944798;0.405749656;2.483260963;0.273065821
2.607689765;0.426845029;2.421944242;0.241099506
2.598867923;0.447292394;2.360075975;0.208500445
2.589498875;0.467065941;2.29780415;0.175371216
2.579601565;0.486141846;2.235277068;0.141817349
2.569194264;0.504498283;2.172642961;0.10794698
2.558294552;0.522115445;2.110049608;0.0738705
2.546919308;0.53897554;2.04764395;0.039700182
2.535084704;0.555062804;1.985571716;0.005549816
2.522806202;0.570363484;1.923977039;-0.028465679
2.510098556;0.584865838;1.863002084;-0.062230634
2.496975819;0.598560116;1.802786682;-0.095629022
2.483451349;0.611438538;1.74346796;-0.12854485
2.469537824;0.623495274;1.685179995;-0.160862555
2.455247259;0.634726408;1.628053454;-0.192467398
2.440591027;0.645129907;1.572215265;-0.223245854
2.425579876;0.654705584;1.517788282;-0.253086011
2.410223962;0.663455049;1.464890964;-0.28187795
2.394532874;0.671381667;1.413637074;-0.309514132
2.378515665;0.678490507;1.36413538;-0.335889778
2.362180886;0.684788284;1.316489372;-0.36090323
2.345536625;0.690283302;1.270796999;-0.384456323
2.328590539;0.694985399;1.227150413;-0.406454727
2.311349897;0.698905874;1.185635731;-0.426808292
2.293821622;0.702057429;1.146332817;-0.445431377
2.27601233;0.704454096;1.109315075;-0.462243159
2.257928375;0.706111168;1.074649265;-0.477167942
2.239575892;0.707045128;1.042395331;-0.490135433
2.220960843;0.70727357;1.012606253;-0.50108102
2.202089062;0.706815131;0.985327916;-0.509946016
2.182966297;0.705689411;0.960598992;-0.516677894
2.16359826;0.703916897;0.938450857;-0.521230505
2.143990664;0.701518886;0.91890751;-0.523564269
2.124149277;0.698517405;0.901985524;-0.523646348
2.104079955;0.694935139;0.887694013;-0.521450803
2.083788693;0.69079535;0.87603462;-0.516958723
2.063281658;0.6861218;0.867001526;-0.510158332
2.042565235;0.680938678;0.860581475;-0.501045081
2.021646063;0.675270524;0.856753832;-0.489621707
2.000531069;0.669142152;0.855490643;-0.475898274
1.979227506;0.662578584;0.856756729;-0.459892192
1.957742982;0.655604975;0.860509799;-0.441628209
1.936085495;0.648246544;0.86670057;-0.421138382
1.914263455;0.640528509;0.875272926;-0.39846202
1.892285713;0.632476023;0.886164076;-0.373645613
1.870161582;0.624114108;0.899304748;-0.346742726
1.847900858;0.615467596;0.914619386;-0.317813875
1.825513839;0.606561076;0.932026375;-0.286926388
1.803011335;0.597418832;0.951438275;-0.254154228
1.780404683;0.588064795;0.97276208;-0.219577808
1.757705755;0.578522494;0.995899485;-0.183283776
1.734926963;0.56881501;1.020747168;-0.145364786
1.712081261;0.558964928;1.047197091;-0.105919243
1.689182148;0.548994304;1.075136811;-0.065051033
1.666243658;0.538924622;1.104449802;-0.022869234
1.643280359;0.528776764;1.135015789;0.020512194
1.620307343;0.518570976;1.166711098;0.064974732
1.59734021;0.508326844;1.199409005;0.110395638
1.574395057;0.498063264;1.232980102;0.156648309
1.551488457;0.487798428;1.267292668;0.203602639
1.528637439;0.477549799;1.302213046;0.251125406
1.505859464;0.467334099;1.337606024;0.29908066
1.483172398;0.457167297;1.373335226;0.347330124
1.460594488;0.447064596;1.409263496;0.395733604
1.438144324;0.437040433;1.445253298;0.444149406
1.415840811;0.427108468;1.481167102;0.492434759
1.393703132;0.417281588;1.516867785;0.54044624
1.37175071;0.407571906;1.552219015;0.588040211
1.350003171;0.397990767;1.587085651;0.635073246
1.328480302;0.388548749;1.621334121;0.681402568
1.307202006;0.379255678;1.654832808;0.72688648
1.286188267;0.370120634;1.68745243;0.771384797
1.265459095;0.361151966;1.719066405;0.814759276
1.245034487;0.352357303;1.749551217;0.856874033
1.22493438;0.343743572;1.77878677;0.897595963
1.205178601;0.335317015;1.806656733;0.936795147
1.185786824;0.327083208;1.833048871;0.974345255
1.166778517;0.319047078;1.857855371;1.010123932
1.148172899;0.311212927;1.880973152;1.04401318
1.129988891;0.303584452;1.902304159;1.07589972
1.112245067;0.296164769;1.921755648;1.10567535
1.094959609;0.288956432;1.93924045;1.133237274
1.07815026;0.281961462;1.954677229;1.158488432
1.061834278;0.275181364;1.967990712;1.181337798
1.046028394;0.268617158;1.979111907;1.201700671
1.030748766;0.262269396;1.987978308;1.219498939
1.016010939;0.256138191;1.994534074;1.234661326
1.001829804;0.250223236;1.99873019;1.247123622
0.988219557;0.244523829;2.000524616;1.256828889
0.975193665;0.239038896;1.999882408;1.26372764
0.962764829;0.233767011;1.996775822;1.267778004
0.950944951;0.228706417;1.991184398;1.268945863
0.939745104;0.223855047;1.983095023;1.267204967
0.929175498;0.219210544;1.972501975;1.262537021
0.919245461;0.214770277;1.959406939;1.254931755
0.909963408;0.210531359;1.943819013;1.244386963
0.901336822;0.206490662;1.925754681;1.230908521
0.893372233;0.202644833;1.905237777;1.214510377
0.886075204;0.198990308;1.882299418;1.195214522
0.879450314;0.195523322;1.85697792;1.173050927
0.873501145;0.192239919;1.829318695;1.148057469
0.868230277;0.189135964;1.79937413;1.120279816
0.86363928;0.186207151;1.767203433;1.089771305
0.859728706;0.183449007;1.73287248;1.056592781
0.856498096;0.180856899;1.696453623;1.020812426
0.853945974;0.178426037;1.658025497;0.98250556
0.852069855;0.176151478;1.61767279;0.941754413
0.850866251;0.174028127;1.575486017;0.898647893
0.850330679;0.172050735;1.531561259;0.853281315
0.850457674;0.170213901;1.485999896;0.805756122
0.851240801;0.168512066;1.43890832;0.756179584
0.852672674;0.166939514;1.39039764;0.70466448
0.85474497;0.165490364;1.340583365;0.65132876
0.857448454;0.164158569;1.28958508;0.596295195
0.860772998;0.162937904;1.237526106;0.539691013
0.864707608;0.161821965;1.184533157;0.481647514
0.869240447;0.160804159;1.130735974;0.422299686
0.874358865;0.159877696;1.076266964;0.361785795
0.880049427;0.159035581;1.021260823;0.300246977
0.886297943;0.158270606;0.965854152;0.237826816
0.893089501;0.157575343;0.910185073;0.174670915
0.9004085;0.15694213;0.854392832;0.110926461
0.908238682;0.156363067;0.798617407;0.046741792
0.916563167;0.155830007;0.742999107;-0.017734053
0.925364488;0.155334545;0.687678175;-0.082351769
0.93462463;0.154868012;0.632794385;-0.146962233
0.944325059;0.15442147;0.578486645;-0.211416944
0.954446766;0.1539857;0.524892601;-0.275568465
0.964970296;0.1535512;0.47214824;-0.339270856
0.97587579;0.153108181;0.420387503;-0.402380106
0.987143018;0.152646559;0.369741902;-0.464754557
0.998751415;0.152155956;0.320340139;-0.52625532
1.010680114;0.151625695;0.272307739;-0.586746679
1.022907983;0.151044804;0.225766687;-0.646096492
1.03541366;0.150402013;0.180835077;-0.70417657
1.048175579;0.149685758;0.137626768;-0.760863052
1.061172009;0.148884187;0.09625106;-0.816036761
1.074381079;0.147985162;0.056812371;-0.869583545
1.087780811;0.146976271;0.019409936;-0.921394604
1.101349145;0.145844832;-0.015862483;-0.971366796
1.115063969;0.14457791;-0.048916874;-1.019402933
1.128903138;0.143162325;-0.07967123;-1.065412043
1.142844504;0.141584669;-0.108049792;-1.109309627
1.156865935;0.139831324;-0.133983277;-1.151017888
1.170945333;0.137888477;-0.157409084;-1.19046594
1.185060655;0.135742143;-0.178271478;-1.227589991
1.199189932;0.133378187;-0.196521768;-1.262333512
1.213311276;0.13078235;-0.212118449;-1.294647376
1.227402903;0.127940271;-0.22502734;-1.324489972
1.241443135;0.124837519;-0.235221687;-1.351827303
1.255410417;0.121459621;-0.242682257;-1.376633053
1.269283321;0.117792093;-0.247397406;-1.398888634
1.283040551;0.113820476;-0.249363127;-1.418583202
1.296660952;0.109530366;-0.248583072;-1.435713659
1.310123508;0.104907454;-0.245068565;-1.45028462
1.323407346;0.099937563;-0.238838581;-1.462308364
1.336491732;0.094606684;-0.229919709;-1.471804758
1.349356076;0.088901021;-0.218346096;-1.47880115
1.36197992;0.082807026;-0.204159364;-1.483332257
1.374342942;0.076311448;-0.187408515;-1.485440009
1.386424945;0.069401368;-0.168149807;-1.485173384
1.39820585;0.062064248;-0.146446616;-1.482588218
1.409665692;0.054287973;-0.122369273;-1.477746992
1.42078461;0.046060895;-0.095994886;-1.470718601
1.431542837;0.037371876;-0.067407143;-1.461578103
1.44192069;0.028210335;-0.036696092;-1.450406446
1.45189856;0.01856629;-0.003957911;-1.437290181
1.461456906;0.008430403;0.030705345;-1.422321157
1.470576235;-0.00220598;0.067186013;-1.405596202
1.479237102;-0.013350781;0.105371102;-1.387216781
1.487420091;-0.025011154;0.145142591;-1.367288654
1.495105811;-0.037193442;0.186377745;-1.345921508
1.502274881;-0.049903138;0.228949432;-1.323228587
1.508907926;-0.063144847;0.272726466;-1.299326306
1.514985565;-0.076922251;0.317573954;-1.274333862
1.520488405;-0.091238076;0.363353653;-1.248372828
1.525397036;-0.106094054;0.409924335;-1.221566755
1.529692022;-0.121490901;0.457142169;-1.194040754
1.533353902;-0.137428283;0.504861101;-1.165921084
1.536363183;-0.153904793;0.55293324;-1.137334736
1.538700342;-0.17091793;0.601209258;-1.108409014
1.540345827;-0.188464075;0.649538785;-1.079271117
1.541280059;-0.206538478;0.697770811;-1.050047726
1.541483436;-0.225135241;0.745754088;-1.020864589
1.540936342;-0.244247311;0.793337537;-0.991846116
1.539619153;-0.263866469;0.840370647;-0.963114974
1.537512251;-0.283983326;0.88670388;-0.934791696
1.534596035;-0.304587325;0.932189069;-0.906994291
1.530850941;-0.325666744;0.976679814;-0.879837871
1.526257453;-0.347208698;1.020031871;-0.85343428
1.520796133;-0.369199154;1.062103541;-0.827891746
1.514447636;-0.391622944;1.102756044;-0.803314537
1.507192741;-0.414463782;1.14185389;-0.779802632
1.499012376;-0.437704285;1.179265244;-0.757451417
1.489887652;-0.461325999;1.21486227;-0.736351382
1.479799896;-0.485309429;1.248521478;-0.716587847
1.468730683;-0.50963407;1.280124051;-0.698240702
1.456661878;-0.534278445;1.30955616;-0.681384164
1.443575679;-0.559220144;1.336709267;-0.666086556
1.429454653;-0.584435869;1.361480413;-0.652410109
1.414281787;-0.60990148;1.383772494;-0.640410773
1.398040534;-0.635592048;1.403494514;-0.630138068
1.380714863;-0.661481904;1.420561831;-0.621634937
1.362289309;-0.687544704;1.434896376;-0.614937638
1.342749028;-0.713753482;1.446426864;-0.610075647
1.322079851;-0.740080716;1.455088979;-0.607071588
1.30026834;-0.766498396;1.460825544;-0.605941191
1.277301848;-0.792978087;1.463586673;-0.606693261
1.253168575;-0.819491006;1.4633299;-0.609329682
1.227857633;-0.846008092;1.460020289;-0.613845437
1.201359099;-0.872500082;1.453630528;-0.620228653
1.173664086;-0.898937584;1.444140999;-0.628460671
1.144764795;-0.925291162;1.431539826;-0.638516132
1.114654586;-0.951531412;1.415822905;-0.650363093
1.083328034;-0.977629041;1.396993916;-0.66396316
1.050780993;-1.003554952;1.375064307;-0.679271638
1.017010656;-1.029280324;1.350053266;-0.696237714
0.982015616;-1.054776696;1.321987667;-0.714804646
0.945795928;-1.080016049;1.290901995;-0.734909981
0.908353162;-1.104970884;1.256838258;-0.756485788
0.869690462;-1.129614312;1.219845871;-0.779458904
0.829812604;-1.153920128;1.179981524;-0.803751208
0.788726043;-1.177862892;1.137309037;-0.829279899
0.746438967;-1.201418011;1.091899183;-0.855957796
0.702961346;-1.22456181;1.043829506;-0.88369365
0.658304974;-1.247271613;0.993184117;-0.91239247
0.612483514;-1.26952581;0.940053469;-0.941955854
0.565512535;-1.291303932;0.884534123;-0.972282344
0.517409549;-1.312586715;0.826728491;-1.003267773
0.468194044;-1.333356166;0.766744571;-1.034805639
0.417887508;-1.353595625;0.704695667;-1.066787466
0.366513455;-1.373289821;0.640700087;-1.099103189
0.314097446;-1.392424928;0.574880841;-1.131641533
0.260667099;-1.410988614;0.507365318;-1.164290395
0.206252107;-1.428970085;0.43828496;-1.196937232
0.150884234;-1.446360131;0.367774917;-1.229469448
0.094597322;-1.463151161;0.295973703;-1.26177478
0.037427283;-1.479337233;0.223022835;-1.293741681
-0.02058791;-1.494914084;0.149066472;-1.325259702
-0.079408242;-1.509879153;0.074251044;-1.356219868
-0.138991671;-1.524231596;-0.001275121;-1.386515046
-0.199294162;-1.537972298;-0.077362176;-1.416040312
-0.260269715;-1.551103881;-0.153859138;-1.444693304
-0.321870405;-1.563630703;-0.23061427;-1.472374568
-0.384046425;-1.575558855;-0.307475466;-1.498987895
-0.446746139;-1.586896149;-0.384290632;-1.524440642
-0.509916132;-1.597652103;-0.460908073;-1.548644043
-0.573501279;-1.607837919;-0.537176872;-1.571513511
-0.637444805;-1.617466456;-0.612947266;-1.592968917
-0.701688363;-1.626552196;-0.688071021;-1.612934855
-0.766172108;-1.635111207;-0.7624018;-1.631340899
-0.830834785;-1.643161095;-0.835795525;-1.648121835
-0.895613815;-1.650720959;-0.908110729;-1.663217872
-0.960445393;-1.657811333;-0.979208907;-1.676574847
-1.025264582;-1.664454127;-1.048954852;-1.688144396
-1.090005423;-1.670672559;-1.117216983;-1.697884119
-1.154601041;-1.676491089;-1.183867664;-1.705757711
-1.218983758;-1.681935338;-1.248783509;-1.711735088
-1.283085214;-1.687032012;-1.311845677;-1.715792475
-1.346836485;-1.691808817;-1.372940154;-1.717912487
-1.410168211;-1.696294371;-1.43195802;-1.718084181
-1.473010723;-1.70051811;-1.4887957;-1.716303087
-1.53529418;-1.70451019;-1.54335521;-1.712571221
-1.596948696;-1.708301394;-1.595544373;-1.706897072
-1.657904485;-1.711923024;-1.64527703;-1.699295569
-1.718091996;-1.715406794;-1.692473231;-1.689788029
-1.777442059;-1.718784729;-1.737059408;-1.678402079
-1.835886022;-1.722089048;-1.778968536;-1.665171561
-1.893355904;-1.725352056;-1.818140265;-1.650136417
-1.949784529;-1.728606026;-1.85452105;-1.633342547
-2.005105683;-1.731883092;-1.888064251;-1.614841659
-2.059254251;-1.735215124;-1.918730217;-1.594691089
-2.112166367;-1.73863362;-1.946486355;-1.572953608
-2.163779553;-1.742169584;-1.971307179;-1.54969721
-2.214032869;-1.745853416;-1.993174339;-1.524994886
-2.262867049;-1.749714791;-2.012076632;-1.498924374
-2.310224643;-1.75378255;-2.028009997;-1.471567905
-2.356050153;-1.758084586;-2.040977488;-1.443011921
-2.400290167;-1.762647729;-2.050989232;-1.413346794
-2.442893492;-1.767497647;-2.058062366;-1.382666521
-2.483811278;-1.77265873;-2.062220959;-1.35106841
-2.522997144;-1.778153993;-2.063495915;-1.318652763
-2.560407298;-1.784004976;-2.06192486;-1.285522538
-2.596000645;-1.790231646;-2.057552013;-1.251783013
-2.629738906;-1.796852306;-2.050428035;-1.217541435
-2.661586712;-1.803883509;-2.040609872;-1.182906669
-2.691511706;-1.811339971;-2.028160574;-1.147988838
-2.719484639;-1.819234498;-2.013149105;-1.112898964
-2.745479445;-1.827577911;-1.995650135;-1.077748601
-2.769473328;-1.836378977;-1.97574382;-1.04264947
-2.791446831;-1.845644354;-1.953515573;-1.007713095
-2.811383899;-1.855378528;-1.929055811;-0.973050441
-2.829271935;-1.86558377;-1.90245971;-0.938771546
-2.845101851;-1.876260093;-1.873826928;-0.904985171
-2.858868107;-1.887405215;-1.843261334;-0.871798442
-2.870568745;-1.899014531;-1.810870717;-0.839316504
-2.880205411;-1.911081094;-1.776766499;-0.807642182
-2.887783372;-1.923595597;-1.741063425;-0.77687565
-2.893311524;-1.936546371;-1.703879259;-0.747114105
-2.89680239;-1.949919381;-1.665334469;-0.71845146
-2.898272107;-1.96369824;-1.625551906;-0.690978038
-2.897740412;-1.977864219;-1.584656482;-0.664780288
-2.89523061;-1.992396275;-1.542774842;-0.639940507
-2.890769536;-2.007271082;-1.500035035;-0.616536581
-2.884387515;-2.022463065;-1.456566186;-0.594641736
-2.876118305;-2.037944454;-1.412498159;-0.574324309
-2.865999029;-2.053685331;-1.367961233;-0.555647535
-2.854070113;-2.069653695;-1.323085764;-0.538669346
-2.840375198;-2.085815528;-1.278001867;-0.523442197
-2.824961057;-2.102134875;-1.232839081;-0.510012899
-2.807877495;-2.118573921;-1.187726055;-0.49842248
-2.789177247;-2.135093082;-1.142790227;-0.488706062
-2.768915866;-2.151651105;-1.098157515;-0.480892753
-2.747151605;-2.168205163;-1.053952008;-0.475005566
-2.723945287;-2.184710969;-1.010295671;-0.471061353
-2.699360176;-2.201122885;-0.967308051;-0.46907076
-2.673461837;-2.217394048;-0.925105997;-0.469038207
-2.646317988;-2.233476485;-0.883803382;-0.470961878
-2.617998351;-2.249321252;-0.843510841;-0.474833741
-2.588574494;-2.26487856;-0.804335516;-0.480639582
-2.558119669;-2.280097917;-0.766380816;-0.488359064
-2.526708648;-2.294928269;-0.729746178;-0.497965799
-2.494417549;-2.309318142;-0.694526853;-0.509427445
-2.461323666;-2.323215791;-0.660813695;-0.52270582
-2.427505289;-2.336569353;-0.628692967;-0.537757032
-2.393041522;-2.349326993;-0.598246161;-0.554531631
-2.358012107;-2.361437059;-0.569549824;-0.572974777
-2.322497232;-2.372848242;-0.542675413;-0.593026423
-2.286577352;-2.383509723;-0.517689145;-0.614621516
-2.250333;-2.393371332;-0.494651882;-0.637690213
-2.2138446;-2.402383702;-0.473619009;-0.662158111
-2.177192282;-2.410498426;-0.454640349;-0.687946492
-2.140455694;-2.417668202;-0.437760074;-0.714972582
-2.103713823;-2.423846993;-0.423016645;-0.743149814
-2.067044807;-2.428990167;-0.410442758;-0.772388118
-2.030525757;-2.43305465;-0.400065312;-0.802594204
-1.994232581;-2.435999062;-0.391905383;-0.833671864
-1.958239807;-2.437783862;-0.385978229;-0.865522283
-1.922620415;-2.438371477;-0.382293288;-0.89804435
-1.887445669;-2.437726436;-0.380854214;-0.931134981
-1.852784959;-2.435815494;-0.38165891;-0.964689444
-1.818705641;-2.432607751;-0.384699583;-0.998601693
-1.785272886;-2.428074766;-0.389962814;-1.032764694
-1.752549542;-2.422190667;-0.397429639;-1.067070764
-1.720595988;-2.414932247;-0.407075646;-1.101411905
-1.689470008;-2.406279063;-0.418871082;-1.135680137
-1.659226664;-2.39621352;-0.432780976;-1.169767832
-1.629918181;-2.384720952;-0.448765273;-1.203568043
-1.601593841;-2.37178969;-0.466778981;-1.23697483
-1.574299878;-2.357411131;-0.486772328;-1.26988358
-1.54807939;-2.341579784;-0.50869093;-1.302191324
-1.522972255;-2.324293325;-0.532475972;-1.333797043
-1.499015056;-2.305552629;-0.558064396;-1.364601969
-1.476241018;-2.285361797;-0.585389099;-1.394509878
-1.454679954;-2.263728179;-0.614379141;-1.423427366
-1.434358216;-2.240662381;-0.64495996;-1.451264126
-1.41529866;-2.216178267;-0.677053595;-1.477933203
-1.397520623;-2.190292948;-0.710578915;-1.50335124
-1.381039904;-2.163026763;-0.745451856;-1.527438715
-1.365868758;-2.134403254;-0.781585663;-1.550120158
-1.352015899;-2.104449123;-0.818891133;-1.571324357
-1.339486515;-2.073194192;-0.85727687;-1.590984547
-1.328282292;-2.04067134;-0.896649538;-1.609038586
-1.318401444;-2.006916442;-0.936914115;-1.625429113
-1.309838759;-1.971968291;-0.977974157;-1.640103688
-1.302585651;-1.935868516;-1.019732053;-1.653014918
-1.29663022;-1.898661491;-1.062089293;-1.664120564
-1.291957324;-1.860394232;-1.104946725;-1.673383633
-1.288548659;-1.821116288;-1.148204816;-1.680772445
-1.286382848;-1.780879625;-1.191763915;-1.686260692
-1.285435538;-1.739738502;-1.235524509;-1.689827472
-1.285679504;-1.697749337;-1.279387476;-1.691457309
-1.287084764;-1.654970569;-1.323254343;-1.691140149
-1.289618696;-1.611462514;-1.367027529;-1.688871347
-1.29324617;-1.56728721;-1.410610593;-1.684651633
-1.29792968;-1.522508261;-1.453908471;-1.678487051
-1.303629484;-1.477190676;-1.496827708;-1.6703889
-1.310303752;-1.431400697;-1.539276693;-1.660373638
-1.317908714;-1.385205633;-1.581165868;-1.648462788
-1.326398821;-1.338673678;-1.622407954;-1.63468281
-1.335726906;-1.291873732;-1.662918149;-1.619064974
-1.345844345;-1.244875223;-1.702614329;-1.601645207
-1.356701228;-1.197747919;-1.741417239;-1.58246393
-1.368246529;-1.150561741;-1.779250671;-1.561565883
-1.380428282;-1.103386578;-1.816041635;-1.538999931
-1.393193755;-1.056292094;-1.851720528;-1.514818867
-1.406489625;-1.009347545;-1.886221274;-1.489079193
-1.420262158;-0.962621584;-1.919481476;-1.461840902
-1.434457384;-0.91618208;-1.951442542;-1.433167238
-1.449021278;-0.870095928;-1.982049807;-1.403124458
-1.46389993;-0.824428867;-2.011252641;-1.371781578
-1.479039726;-0.779245298;-2.039004546;-1.339210117
-1.494387519;-0.734608106;-2.065263247;-1.305483834
-1.509890794;-0.690578488;-2.089990764;-1.270678458
-1.525497841;-0.64721578;-2.113153476;-1.234871414
-1.541157918;-0.604577294;-2.134722173;-1.198141548
-1.556821406;-0.562718157;-2.154672099;-1.16056885
-1.572439966;-0.52169116;-2.172982977;-1.122234171
-1.587966688;-0.481546603;-2.18963903;-1.083218946
-1.603356234;-0.442332165;-2.204628983;-1.043604914
-1.618564979;-0.404092758;-2.217946061;-1.00347384
-1.633551137;-0.366870413;-2.229587969;-0.962907245
-1.648274889;-0.330704152;-2.239556864;-0.921986126
-1.662698498;-0.295629884;-2.247859316;-0.880790702
-1.67678642;-0.261680303;-2.254506258;-0.839400141
-1.690505403;-0.228884794;-2.259512925;-0.797892316
-1.703824582;-0.197269355;-2.262898781;-0.756343554
-1.716715563;-0.166856519;-2.264687438;-0.714828394
-1.729152499;-0.137665297;-2.264906566;-0.673419364
-1.741112153;-0.10971112;-2.263587789;-0.632186756
-1.752573959;-0.083005801;-2.260766576;-0.591198418
-1.763520069;-0.0575575;-2.256482124;-0.550519554
-1.773935389;-0.033370706;-2.250777224;-0.510212541
-1.783807607;-0.010446225;-2.243698133;-0.47033675
-1.793127216;0.011218819;-2.235294421;-0.430948386
-1.801887513;0.031630974;-2.225618827;-0.39210034
-1.81008461;0.050800435;-2.2147271;-0.353842055
-1.817717409;0.068741013;-2.202677828;-0.316219406
-1.824787593;0.085470092;-2.189532276;-0.279274591
-1.831299586;0.101008571;-2.175354202;-0.243046046
-1.837260515;0.115380804;-2.160209682;-0.207568364
-1.842680161;0.128614521;-2.144166918;-0.172872236
-1.847570899;0.140740744;-2.127296052;-0.138984409
-1.851947625;0.15179369;-2.109668968;-0.105927653
-1.855827684;0.16181067;-2.091359099;-0.073720745
-1.859230777;0.170831969;-2.072441224;-0.042378478
-1.862178872;0.178900727;-2.052991267;-0.011911667
-1.864696096;0.186062806;-2.033086093;0.017672809
-1.866808626;0.192366645;-2.012803302;0.046371969
-1.868544569;0.197863119;-1.992221025;0.074186664
-1.86993384;0.202605376;-1.971417715;0.1011215
-1.871008024;0.206648677;-1.950471945;0.127184755
-1.871800243;0.210050227;-1.9294622;0.152388269
-1.872345011;0.212868996;-1.908466674;0.176747332
-1.872678082;0.21516554;-1.887563068;0.200280554
-1.872836298;0.217001814;-1.866828389;0.223009723
-1.87285743;0.21844098;-1.846338754;0.244959655
-1.872780016;0.219547211;-1.826169196;0.266158032
-1.872643198;0.220385495;-1.806393469;0.286635225
-1.87248655;0.221021431;-1.787083866;0.306424115
-1.872349911;0.221521026;-1.768311035;0.325559902
-1.872273213;0.22195049;-1.750143798;0.344079905
-1.872296307;0.22237603;-1.73264898;0.362023356
-1.872458793;0.222863642;-1.715891244;0.379431192
-1.872799847;0.223478907;-1.699932922;0.396345831
-1.873358044;0.224286781;-1.68483387;0.412810956
-1.874171197;0.225351396;-1.670651307;0.428871286
-1.875276181;0.226735851;-1.657439682;0.44457235
-1.876708769;0.228502022;-1.645250534;0.459960256
-1.878503471;0.230710354;-1.634132364;0.475081461
-1.880693372;0.23341968;-1.624130515;0.489982536
-1.88330998;0.236687025;-1.61528706;0.504709944
-1.886383073;0.240567425;-1.607640696;0.519309802
-1.889940557;0.245113754;-1.601226648;0.533827663
-1.894008323;0.250376544;-1.596076579;0.548308288
-1.898610117;0.256403829;-1.592218514;0.562795432
-1.903767411;0.263240984;-1.589676764;0.577331631
-1.909499287;0.270930572;-1.588471868;0.59195799
-1.915822322;0.279512207;-1.588620537;0.606713992
-1.922750486;0.289022418;-1.590135608;0.621637296
-1.930295049;0.299494527;-1.593026014;0.636763561
-1.938464489;0.310958529;-1.597296752;0.652126266
-1.947264419;0.323440993;-1.602948866;0.667756546
-1.956697517;0.336964962;-1.609979443;0.683683035
-1.966763466;0.351549868;-1.618381608;0.699931726
-1.97745891;0.367211461;-1.628144538;0.716525833
-1.988777409;0.383961742;-1.639253479;0.733485673
-2.000709417;0.401808911;-1.651689771;0.750828557
-2.013242257;0.420757327;-1.66543089;0.768568694
-2.02636012;0.440807474;-1.680450488;0.786717105
-2.040044063;0.461955947;-1.696718448;0.805281562
-2.054272026;0.484195443;-1.714200948;0.824266521
-2.069018854;0.507514764;-1.732860528;0.84367309
-2.084256334;0.531898834;-1.75265617;0.863498998
-2.099953239;0.557328726;-1.773543386;0.883738578
-2.116075383;0.5837817;-1.795474308;0.904382775
-2.13258569;0.611231258;-1.818397794;0.925419154
-2.149444268;0.639647198;-1.842259533;0.946831933
-2.166608497;0.668995691;-1.867002163;0.968602025
-2.184033125;0.699239365;-1.892565393;0.990707097
-2.201670374;0.730337395;-1.918886132;1.013121637
-2.219470055;0.762245611;-1.945898624;1.035817041
-2.237379689;0.794916612;-1.973534592;1.05876171
-2.255344648;0.828299886;-2.001723378;1.081921156
-2.273308286;0.862341949;-2.030392104;1.105258131
-2.291212095;0.896986484;-2.059465824;1.128732755
-2.308995857;0.932174492;-2.088867684;1.152302664
-2.32659781;0.967844451;-2.118519095;1.175923166
-2.343954816;1.003932486;-2.148339897;1.199547406
-2.361002539;1.040372538;-2.178248535;1.223126542
-2.377675622;1.077096547;-2.208162238;1.246609931
-2.393907877;1.114034639;-2.237997195;1.269945321
-2.409632475;1.151115316;-2.267668742;1.293079049
-2.42478214;1.188265657;-2.297091545;1.315956253
-2.439289347;1.225411516;-2.326179784;1.338521079
-2.453086521;1.26247773;-2.354847346;1.360716905
-2.466106241;1.299388326;-2.383008011;1.382486556
-2.478281447;1.336066733;-2.410575642;1.403772538
-2.489545638;1.372435997;-2.437464376;1.424517259
-2.499833085;1.408418993;-2.463588814;1.444663264
-2.509079028;1.443938642;-2.488864209;1.464153461
-2.517219887;1.478918128;-2.513206658;1.482931358
-2.524193461;1.51328111;-2.536533284;1.500941287
-2.529939126;1.546951939;-2.558762429;1.518128635
-2.534398034;1.579855866;-2.579813831;1.53444007
-2.537513311;1.611919258;-2.599608809;1.54982376
-2.539230236;1.6430698;-2.618070443;1.564229593
-2.539496437;1.673236698;-2.635123747;1.577609388
-2.538262064;1.702350881;-2.650695841;1.589917104
-2.535479965;1.730345191;-2.664716122;1.601109034
-2.531105852;1.757154575;-2.677116426;1.611144001
-2.525098465;1.782716268;-2.68783119;1.619983543
-2.517419721;1.806969965;-2.696797605;1.62759208
-2.508034862;1.829857994;-2.703955767;1.633937089
-2.496912592;1.851325477;-2.709248819;1.63898925
-2.484025202;1.871320484;-2.712623095;1.642722591
-2.469348695;1.889794177;-2.714028247;1.645114625
-2.452862888;1.906700948;-2.713417374;1.646146462
-2.434551518;1.921998545;-2.710747141;1.645802922
-2.414402326;1.935648193;-2.705977893;1.644072626
-2.39240714;1.947614697;-2.699073758;1.640948078
-2.368561936;1.957866544;-2.690002749;1.636425731
-2.342866903;1.966375987;-2.678736851;1.630506039
-2.31532648;1.973119126;-2.665252107;1.623193499
-2.285949394;1.978075967;-2.64952869;1.614496671
-2.254748681;1.981230482;-2.631550973;1.60442819
-2.221741696;1.982570649;-2.611307585;1.593004761
-2.18695011;1.982088485;-2.588791461;1.580247135
-2.150399898;1.979780066;-2.563999885;1.566180079
-2.11212131;1.975645536;-2.53693452;1.550832326
-2.07214884;1.969689102;-2.507601435;1.534236507
-2.030521169;1.961919023;-2.476011115;1.516429077
-1.987281109;1.952347585;-2.442178472;1.497450222
-1.942475528;1.940991058;-2.406122836;1.47734375
-1.896155268;1.927869655;-2.367867947;1.456156976
-1.848375047;1.913007468;-2.32744193;1.433940585
-1.799193355;1.8964324;-2.284877267;1.410748489
-1.748672336;1.878176085;-2.240210752;1.386637669
-1.69687766;1.858273794;-2.193483447;1.361668007
-1.643878386;1.836764338;-2.144740621;1.335902103
-1.589746816;1.813689953;-2.094031682;1.309405087
-1.534558338;1.789096185;-2.041410104;1.282244419
-1.478391258;1.763031754;-1.986933337;1.254489675
-1.42132663;1.735548424;-1.930662716;1.226212337
-1.36344807;1.706700849;-1.872663359;1.19748556
-1.304841571;1.676546429;-1.813004056;1.168383945
-1.245595304;1.645145138;-1.751757146;1.138983296
-1.185799412;1.612559365;-1.688998395;1.109360381
-1.125545808;1.578853736;-1.62480686;1.079592684
-1.064927957;1.544094937;-1.559264744;1.04975815
-1.004040654;1.508351526;-1.492457246;1.019934935
-0.942979809;1.471693746;-1.424472407;0.990201149
-0.881842212;1.434193331;-1.355400943;0.960634601
-0.820725309;1.395923309;-1.285336076;0.931312541
-0.759726966;1.356957802;-1.214373357;0.90231141
-0.69894524;1.317371826;-1.142610484;0.873706581
-0.63847814;1.277241086;-1.070147111;0.845572115
-0.578423398;1.23664177;-0.997084658;0.81798051
-0.518878226;1.195650348;-0.92352611;0.791002464
-0.459939091;1.154343363;-0.849575818;0.764706636
-0.401701477;1.112797231;-0.775339287;0.739159421
-0.344259657;1.071088036;-0.700922971;0.714424723
-0.287706468;1.02929133;-0.626434054;0.690563745
-0.232133085;0.987481935;-0.551980237;0.667634783
-0.177628801;0.945733751;-0.477669521;0.64569303
-0.124280814;0.904119559;-0.403609979;0.624790394
-0.072174018;0.862710843;-0.329909542;0.604975319
-0.021390798;0.821577599;-0.256675769;0.586292628
0.027989169;0.780788168;-0.184015628;0.568783371
0.075889101;0.740409058;-0.112035271;0.552484687
0.122235293;0.700504784;-0.040839807;0.537429684
0.1669573;0.661137711;0.029466914;0.523647326
0.209988092;0.6223679;0.09878253;0.511162338
0.251264221;0.584252972;0.167006377;0.499995128
0.290725967;0.546847971;0.234039715;0.490161719
0.328317474;0.510205237;0.299785935;0.481673698
0.363986882;0.47437429;0.364150776;0.474538185
0.397686444;0.439401727;0.427042525;0.468757808
0.429372635;0.405331118;0.488372223;0.464330706
0.459006249;0.372202919;0.548053866;0.461250536
0.486552483;0.340054396;0.60600459;0.459506503
0.511981014;0.308919555;0.662144865;0.459083405
0.53526606;0.278829084;0.71639867;0.459961693
0.556386432;0.249810305;0.76869367;0.462117543
0.575325573;0.221887138;0.818961383;0.465522948
0.592071588;0.195080073;0.867137338;0.470145823
0.606617256;0.169406155;0.913161227;0.475950126
0.618960036;0.144878979;0.956977047;0.48289599
0.62910206;0.121508693;0.998533239;0.490939872
0.637050111;0.099302017;1.037782807;0.500034713
0.642815593;0.078262266;1.07468344;0.510130113
0.646414487;0.058389388;1.109197614;0.521172514
0.647867298;0.039680011;1.141292691;0.533105403
0.647198987;0.022127498;1.170941003;0.545869514
0.644438897;0.005722014;1.198119931;0.559403049
0.639620662;-0.009549397;1.222811966;0.573641907
0.632782114;-0.023702733;1.245004764;0.588519916
0.623965171;-0.036756932;1.264691186;0.603969084
0.61321572;-0.048733774;1.281869335;0.61991984
0.600583492;-0.059657775;1.296542567;0.636301301
0.586121922;-0.069556058;1.308719505;0.653041525
0.569888008;-0.078458239;1.318414032;0.670067785
0.551942155;-0.086396287;1.325645274;0.687306831
0.532348016;-0.093404388;1.330437572;0.704685168
0.511172325;-0.099518797;1.332820444;0.722129322
0.488484717;-0.104777692;1.33282853;0.73956612
0.464357556;-0.109221015;1.330501529;0.756922959
0.438865739;-0.11289031;1.325884125;0.774128076
0.412086511;-0.115828563;1.319025893;0.791110819
0.384099266;-0.118080032;1.309981208;0.80780191
0.354985347;-0.119690075;1.298809126;0.824133704
0.324827843;-0.120704977;1.285573268;0.840040448
0.293711382;-0.121171776;1.270341682;0.855458524
0.261721921;-0.121138087;1.253186702;0.870326694
0.228946537;-0.120651923;1.234184789;0.88458633
0.195473217;-0.119761518;1.213416373;0.898181638
0.161390641;-0.11851515;1.190965667;0.911059875
0.126787977;-0.116960967;1.166920492;0.923171548
0.091754663;-0.115146807;1.141372078;0.934470607
0.056380201;-0.113120034;1.11441486;0.944914625
0.020753947;-0.110927359;1.086146269;0.954464963
-0.015035091;-0.108614677;1.056666512;0.963086926
-0.050898463;-0.106226907;1.026078343;0.970749899
-0.086748468;-0.103807827;0.994486831;0.977427472
-0.122498355;-0.101399922;0.961999117;0.983097549
-0.158062511;-0.099044236;0.928724168;0.987742443
-0.193356649;-0.096780224;0.894772528;0.991348953
-0.228297986;-0.094645619;0.860256056;0.993908422
-0.262805417;-0.092676296;0.825287667;0.995416789
-0.296799687;-0.090906148;0.789981068;0.995874607
-0.330203546;-0.089366973;0.754450489;0.995287063
-0.362941908;-0.088088354;0.718810412;0.993663966
-0.394941995;-0.087097567;0.683175299;0.991019727
-0.426133477;-0.086419479;0.64765932;0.987373318
-0.456448598;-0.086076466;0.612376079;0.982748211
-0.485822305;-0.086088334;0.577438339;0.97717231
-0.514192356;-0.086472252;0.54295775;0.970677855
-0.541499425;-0.087242688;0.50904458;0.963301317
-0.567687197;-0.088411365;0.475807443;0.955083274
-0.592702454;-0.089987216;0.443353035;0.946068273
-0.616495154;-0.091976352;0.411785872;0.936304673
-0.639018491;-0.094382042;0.381208031;0.92584448
-0.660228956;-0.097204697;0.351718899;0.914743158
-0.680086387;-0.10044187;0.323414922;0.903059438
-0.698553998;-0.104088263;0.296389367;0.890855102
-0.715598416;-0.108135737;0.270732087;0.878194767
-0.731189693;-0.112573343;0.246529294;0.865145645
-0.745301315;-0.117387354;0.223863341;0.851777302
-0.757910203;-0.122561308;0.202812509;0.838161404
-0.768996698;-0.128076063;0.183450813;0.824371448
-0.778544548;-0.133909854;0.165847804;0.810482498
-0.786540871;-0.140038366;0.150068394;0.796570899
-0.792976122;-0.146434811;0.136172683;0.782713995
-0.797844045;-0.153070014;0.124215805;0.768989835
-0.801141615;-0.159912509;0.114247778;0.755476884
-0.802868982;-0.166928635;0.106313372;0.742253719
-0.80302939;-0.17408265;0.100451989;0.729398728
-0.801629106;-0.181336844;0.096697552;0.716989815
-0.798677332;-0.188651658;0.095078414;0.705104088
-0.794186109;-0.195985816;0.095617275;0.693817569
-0.788170223;-0.203296454;0.098331115;0.683204884
-0.780647095;-0.210539263;0.103231144;0.673338977
-0.771636674;-0.217668625;0.110322762;0.664290811
-0.761161316;-0.224637765;0.119605536;0.656129087
-0.749245668;-0.231398901;0.131073191;0.648919958
-0.73591654;-0.237903396;0.144713619;0.642726762
-0.721202775;-0.244101919;0.160508897;0.637609752
-0.705135118;-0.249944599;0.178435326;0.633625845
-0.68774608;-0.255381189;0.198463482;0.630828373
-0.669069797;-0.26036123;0.220558281;0.629266849
-0.649141895;-0.264834209;0.244679062;0.628986748
-0.627999341;-0.268749728;0.270779681;0.630029294
-0.605680307;-0.272057664;0.298808623;0.632431266
-0.582224022;-0.274708331;0.328709125;0.636224815
-0.557670628;-0.276652646;0.360419318;0.6414373
-0.532061041;-0.277842282;0.393872374;0.648091133
-0.505436802;-0.278229831;0.428996679;0.65620365
-0.477839941;-0.277768958;0.465716006;0.665786989
-0.449312834;-0.27641455;0.503949709;0.676847993
-0.419898067;-0.274122868;0.543612928;0.689388127
-0.389638299;-0.27085169;0.584616802;0.703403412
-0.358576132;-0.26656045;0.626868699;0.718884382
-0.326753981;-0.261210376;0.670272453;0.735816057
-0.294213947;-0.254764617;0.714728607;0.754177937
-0.2609977;-0.24718837;0.760134677;0.773944008
-0.22714636;-0.238448996;0.806385416;0.79508278
-0.192700384;-0.228516137;0.853373084;0.817557331
-0.15769946;-0.217361816;0.900987737;0.841325381
-0.122182408;-0.20496054;0.949117509;0.866339377
-0.086187079;-0.19128939;0.997648912;0.892546601
-0.049750271;-0.176328109;1.046467133;0.919889295
-0.012907639;-0.160059173;1.09545634;0.948304806
0.024306377;-0.142467865;1.14449999;0.977725747
0.061858629;-0.123542334;1.19348114;1.008080176
0.099717319;-0.10327365;1.242282761;1.039291792
0.137852063;-0.081655846;1.290788054;1.071280146
0.176233938;-0.058685956;1.338880764;1.103960871
0.214835527;-0.034364044;1.386445494;1.137245924
0.253630956;-0.008693223;1.433368021;1.171043842
0.292595927;0.018320334;1.479535608;1.205260015
0.331707735;0.046667392;1.52483731;1.239796967
0.370945288;0.076335659;1.56916428;1.274554651
0.410289115;0.107309797;1.612410073;1.309430755
0.449721369;0.139571452;1.654470936;1.344321019
0.489225821;0.173099275;1.695246102;1.379119556
0.528787848;0.20786897;1.734638066;1.413719188
0.568394416;0.243853332;1.772552865;1.448011781
0.608034055;0.281022308;1.808900339;1.481888592
0.647696828;0.319343056;1.843594389;1.515240616
0.687374294;0.358780011;1.876553222;1.547958939
0.727059467;0.399294968;1.90769959;1.579935092
0.766746763;0.440847161;1.936961007;1.611061404
0.806431951;0.483393349;1.964269965;1.641231363
0.846112093;0.526887922;1.989564133;1.670339961
0.885785478;0.571282991;2.01278654;1.698284054
0.925451554;0.616528504;2.033885749;1.724962699
0.965110858;0.662572355;2.052816011;1.750277508
1.004764939;0.7093605;2.069537412;1.774132973
1.044416274;0.756837084;2.084015991;1.796436802
1.084068188;0.804944563;2.096223862;1.817100238
1.123724768;0.853623836;2.1061393;1.836038368
1.163390774;0.902814377;2.113746822;1.853170425
1.203071545;0.952454372;2.11903725;1.868420078
1.24277291;1.002480861;2.122007753;1.881715704
1.282501091;1.052829873;2.122661874;1.892990656
1.32226261;1.103436576;2.121009542;1.902183508
1.36206419;1.154235414;2.117067063;1.909238286
1.401912663;1.205160258;2.110857094;1.914104689
1.441814867;1.256144551;2.102408601;1.916738285
1.481777557;1.30712145;2.091756798;1.917100691
1.521807305;1.358023975;2.078943072;1.915159742
1.561910409;1.408785152;2.064014885;1.910889628
1.602092797;1.459338159;2.047025661;1.904271024
1.64235994;1.509616466;2.028034663;1.895291189
1.682716761;1.559553975;2.007106841;1.883944055
1.723167549;1.609085159;1.984312674;1.870230284
1.763715877;1.658145198;1.959727993;1.854157314
1.80436452;1.706670111;1.933433787;1.835739377
1.84511538;1.754596883;1.905515994;1.814997497
1.885969411;1.801863595;1.876065281;1.791959465
1.926926552;1.84840954;1.845176809;1.766659797
1.967985658;1.894175345;1.812949979;1.739139666
2.009144444;1.939103081;1.779488176;1.709446813
