-0.36048753;-1.497375229;-0.133461641
-0.43194235;-1.552578471;-0.099357775
-0.503607999;-1.60820896;-0.065340879
-0.57542636;-1.664108879;-0.03142467
-0.647338839;-1.720119531;0.002377372
-0.719286371;-1.776081816;0.036052031
-0.791209438;-1.831836727;0.069586388
-0.863048071;-1.887225832;0.102967853
-0.934741872;-1.942091758;0.13618419
-1.006230026;-1.996278673;0.16922355
-1.077451321;-2.049632761;0.202074494
-1.148344166;-2.102002687;0.234726019
-1.21884662;-2.153240061;0.267167582
-1.288896414;-2.203199888;0.29938912
-1.358430984;-2.251741006;0.331381072
-1.4273875;-2.298726517;0.363134394
-1.49570291;-2.344024195;0.394640577
-1.563313976;-2.387506894;0.425891658
-1.630157318;-2.429052921;0.45688023
-1.696169465;-2.468546413;0.487599454
-1.761286907;-2.505877675;0.51804306
-1.825446153;-2.540943515;0.548205355
-1.888583788;-2.573647549;0.578081217
-1.950636543;-2.603900488;0.607666098
-2.01154136;-2.631620406;0.636956017
-2.071235471;-2.656732978;0.665947552
-2.12965647;-2.679171699;0.694637827
-2.186742399;-2.69887808;0.723024505
-2.242431832;-2.715801816;0.751105764
-2.296663964;-2.72990093;0.778880283
-2.349378708;-2.74114189;0.80634722
-2.400516787;-2.749499702;0.833506186
-2.450019839;-2.754957977;0.860357219
-2.497830516;-2.757508965;0.886900757
-2.543892595;-2.757153575;0.913137602
-2.588151084;-2.753901355;0.939068893
-2.630552335;-2.747770453;0.964696064
-2.671044156;-2.738787551;0.990020809
-2.709575928;-2.726987769;1.015045042
-2.74609872;-2.712414549;1.039770858
-2.780565409;-2.695119507;1.064200487
-2.812930796;-2.675162267;1.088336253
-2.843151725;-2.652610264;1.112180526
-2.871187205;-2.627538526;1.13573568
-2.896998523;-2.600029434;1.159004043
-2.920549364;-2.570172458;1.18198785
-2.941805927;-2.538063874;1.204689198
-2.960737036;-2.503806451;1.227109997
-2.977314255;-2.467509137;1.249251922
-2.991511995;-2.429286702;1.271116367
-3.003307619;-2.389259388;1.292704397
-3.012681545;-2.347552521;1.314016706
-3.019617343;-2.304296124;1.335053567
-3.024101828;-2.259624505;1.355814795
-3.02612515;-2.21367584;1.3762997
-3.025680874;-2.166591739;1.39650705
-3.022766057;-2.118516801;1.416435032
-3.017381321;-2.069598169;1.436081216
-3.009530915;-2.019985067;1.455442523
-2.999222769;-1.969828336;1.474515191
-2.986468547;-1.919279964;1.493294753
-2.971283686;-1.868492618;1.511776003
-2.953687429;-1.817619162;1.529952983
-2.93370285;-1.766812191;1.547818959
-2.911356868;-1.716223553;1.565366408
-2.886680256;-1.666003877;1.582587007
-2.859707633;-1.616302111;1.599471623
-2.830477458;-1.567265056;1.616010313
-2.799032003;-1.519036915;1.632192322
-2.765417319;-1.471758847;1.648006086
-2.7296832;-1.425568526;1.663439245
-2.691883124;-1.380599722;1.678478652
-2.652074194;-1.336981882;1.693110392
-2.610317063;-1.294839731;1.707319804
-2.566675851;-1.25429289;1.721091506
-2.52121805;-1.215455501;1.734409424
-2.474014423;-1.178435878;1.747256831
-2.425138888;-1.143336172;1.759616381
-2.374668395;-1.11025205;1.771470155
-2.32268279;-1.079272406;1.782799707
-2.269264677;-1.05047908;1.793586117
-2.214499258;-1.023946606;1.803810046
-2.15847418;-0.999741978;1.813451792
-2.101279358;-0.977924446;1.82249136
-2.043006802;-0.958545326;1.830908521
-1.983750426;-0.94164784;1.838682885
-1.923605858;-0.927266978;1.845793978
-1.862670235;-0.915429387;1.852221309
-1.801042;-0.906153287;1.857944459
-1.738820686;-0.899448404;1.862943155
-1.676106697;-0.895315935;1.867197357
-1.613001085;-0.893748541;1.870687342
-1.549605321;-0.894730361;1.873393792
-1.486021064;-0.898237049;1.875297883
-1.422349921;-0.904235844;1.876381377
-1.35869322;-0.912685659;1.876626707
-1.295151757;-0.923537198;1.876017073
-1.231825567;-0.936733094;1.874536534
-1.168813677;-0.952208077;1.872170095
-1.106213868;-0.969889155;1.868903803
-1.044122434;-0.98969583;1.864724831
-0.982633945;-1.01154033;1.859621573
-0.921841011;-1.035327856;1.853583727
-0.861834053;-1.060956866;1.846602385
-0.802701071;-1.088319359;1.83867011
-0.744527426;-1.117301196;1.829781022
-0.687395614;-1.147782424;1.819930874
-0.631385065;-1.179637628;1.809117126
-0.576571929;-1.21273629;1.797339018
-0.523028885;-1.246943168;1.784597635
-0.470824947;-1.282118689;1.770895974
-0.420025288;-1.318119349;1.756238995
-0.37069107;-1.354798129;1.740633685
-0.322879279;-1.392004918;1.724089098
-0.276642578;-1.429586947;1.706616403
-0.232029171;-1.467389226;1.688228919
-0.18908267;-1.505254993;1.66894215
-0.147841989;-1.543026161;1.648773809
-0.108341237;-1.580543773;1.627743837
-0.070609628;-1.617648457;1.605874418
-0.034671414;-1.654180881;1.583189983
-0.000545817;-1.689982208;1.559717213
0.031753015;-1.72489455;1.535485028
0.062216038;-1.758761414;1.510524574
0.090839333;-1.791428149;1.484869205
0.117624103;-1.822742384;1.458554449
0.142576665;-1.852554458;1.431617974
0.16570842;-1.880717842;1.404099548
0.18703581;-1.907089554;1.376040983
0.206580257;-1.931530557;1.347486082
0.224368095;-1.953906149;1.318480574
0.240430476;-1.974086343;1.289072038
0.254803269;-1.991946222;1.259309829
0.26752694;-2.007366294;1.229244991
0.278646422;-2.020232813;1.198930161
0.288210967;-2.030438101;1.168419477
0.296273984;-2.037880838;1.137768464
0.302892868;-2.042466338;1.107033932
0.308128809;-2.044106811;1.076273852
0.312046598;-2.042721594;1.045547233
0.31471441;-2.038237371;1.014914001
0.316203586;-2.030588366;0.984434856
0.316588398;-2.019716516;0.954171142
0.315945803;-2.005571622;0.924184702
0.314355194;-1.988111479;0.89453773
0.311898138;-1.967301979;0.865292624
0.308658103;-1.943117194;0.836511833
0.304720186;-1.915539436;0.8082577
0.300170828;-1.884559293;0.780592304
0.295097524;-1.850175644;0.753577304
0.289588533;-1.812395644;0.727273772
0.283732583;-1.771234697;0.701742036
0.277618565;-1.726716396;0.677041513
0.271335239;-1.678872447;0.653230553
0.264970928;-1.627742568;0.630366269
0.258613217;-1.573374369;0.608504382
0.252348655;-1.515823205;0.587699058
0.246262449;-1.455152018;0.568002755
0.240438177;-1.391431147;0.549466061
0.234957488;-1.32473813;0.532137548
0.229899821;-1.25515748;0.516063622
0.22534212;-1.182780446;0.501288377
0.22135856;-1.107704753;0.487853457
0.218020281;-1.030034334;0.475797917
0.215395132;-0.949879038;0.4651581
0.213547416;-0.867354327;0.455967504
0.212537657;-0.78258096;0.448256673
0.212422372;-0.695684665;0.442053081
0.213253853;-0.606795796;0.43738103
0.215079968;-0.516048984;0.43426155
0.217943969;-0.423582778;0.432712315
0.221884318;-0.329539272;0.432747563
0.22693453;-0.234063736;0.434378018
0.233123023;-0.137304228;0.437610834
0.240472995;-0.039411213;0.442449534
0.249002307;0.059462831;0.448893975
0.258723392;0.1591638;0.456940301
0.269643176;0.259536364;0.466580928
0.281763017;0.360424356;0.477804524
0.295078667;0.461671167;0.490596004
0.309580244;0.563120137;0.504936535
0.325252233;0.66461494;0.520803553
0.342073493;0.765999971;0.538170787
0.360017298;0.867120723;0.557008296
0.379051383;0.967824156;0.577282515
0.399138016;1.067959065;0.598956312
0.420234087;1.167376431;0.621989053
0.442291218;1.265929772;0.646336685
0.465255888;1.363475479;0.671951814
0.489069572;1.459873137;0.698783812
0.513668913;1.554985841;0.726778916
0.538985893;1.648680497;0.755880348
0.564948029;1.740828105;0.786028439
0.591478592;1.831304036;0.817160764
0.618496828;1.919988288;0.849212282
0.645918205;2.006765726;0.882115492
0.673654669;2.091526313;0.915800585
0.701614916;2.174165313;0.950195617
0.729704677;2.254583493;0.985226678
0.757827012;2.332687289;1.020818072
0.785882622;2.40838897;1.056892503
0.813770163;2.481606776;1.093371269
0.841386574;2.552265042;1.130174453
0.868627416;2.620294298;1.16722113
0.895387213;2.685631358;1.204429569
0.9215598;2.748219384;1.24171744
0.947038681;2.808007938;1.279002028
0.971717389;2.864953011;1.316200445
0.995489842;2.919017032;1.353229846
1.018250716;2.97016887;1.390007643
1.039895802;3.018383802;1.426451724
1.060322375;3.06364348;1.46248067
1.079429554;3.105935868;1.498013967
1.097118667;3.145255169;1.532972222
1.113293603;3.181601737;1.567277375
1.127861162;3.214981965;1.600852908
1.140731405;3.24540817;1.633624051
1.151817989;3.272898451;1.665517983
1.161038497;3.297476545;1.69646403
1.168314754;3.319171655;1.726393858
1.173573142;3.338018283;1.755241656
1.176744892;3.354056035;1.782944319
1.177766372;3.367329424;1.809441621
1.176579354;3.37788766;1.83467638
1.173131274;3.38578443;1.858594614
1.167375469;3.391077669;1.881145693
1.159271402;3.393829325;1.902282479
1.148784868;3.394105113;1.921961455
1.135888183;3.391974268;1.940142848
1.120560352;3.387509285;1.956790741
1.102787223;3.380785662;1.97187317
1.08256161;3.371881636;1.985362216
1.059883408;3.360877914;1.997234087
1.034759678;3.347857408;2.007469176
1.007204715;3.33290496;2.016052126
0.97724009;3.316107075;2.022971866
0.944894677;3.297551653;2.028221648
0.910204645;3.277327716;2.031799062
0.873213443;3.255525146;2.033706043
0.833971748;3.232234421;2.033948869
0.792537402;3.207546356;2.032538141
0.748975315;3.181551847;2.029488749
0.703357355;3.154341623;2.024819838
0.655762213;3.126006005;2.018554742
0.606275241;3.096634664;2.010720926
0.554988272;3.066316396;2.001349904
0.501999424;3.035138901;1.990477146
0.447412869;3.003188567;1.978141977
0.3913386;2.970550266;1.964387466
0.333892159;2.937307165;1.949260296
0.275194363;2.903540535;1.932810635
0.215371;2.86932958;1.915091984
0.154552511;2.834751275;1.896161028
0.092873659;2.79988021;1.876077466
0.030473178;2.764788454;1.854903839
-0.032506596;2.72954542;1.83270535
-0.095920096;2.694217752;1.80954967
-0.159618921;2.65886922;1.785506744
-0.223452239;2.623560622;1.760648584
-0.287267196;2.588349707;1.735049059
-0.350909343;2.553291105;1.708783679
-0.414223065;2.51843627;1.681929375
-0.477052018;2.483833434;1.65456427
-0.539239574;2.449527578;1.626767455
-0.600629264;2.415560408;1.59861875
-0.661065234;2.381970345;1.570198475
-0.720392692;2.348792533;1.541587212
-0.778458363;2.316058848;1.512865566
-0.835110934;2.283797924;1.484113929
-0.89020151;2.252035191;1.455412246
-0.943584052;2.220792915;1.426839775
-0.995115818;2.190090261;1.398474854
-1.044657795;2.159943353;1.370394672
-1.092075122;2.13036535;1.34267504
-1.137237506;2.10136653;1.315390166
-1.180019628;2.072954381;1.28861244
-1.220301531;2.045133697;1.262412216
-1.257969003;2.017906688;1.236857604
-1.29291394;1.991273089;1.212014273
-1.325034696;1.965230282;1.187945254
-1.354236415;1.939773416;1.164710757
-1.38043135;1.914895539;1.142367988
-1.403539154;1.890587729;1.120970988
-1.423487159;1.866839233;1.100570466
-1.440210632;1.843637604;1.081213657
-1.453653012;1.820968847;1.06294418
-1.463766116;1.798817559;1.045801909
-1.470510337;1.777167077;1.029822861
-1.473854799;1.755999626;1.015039087
-1.473777508;1.735296463;1.001478582
-1.470265462;1.715038021;0.989165202
-1.463314745;1.69520406;0.978118601
-1.452930588;1.675773805;0.968354169
-1.439127415;1.65672609;0.959882997
-1.42192885;1.638039498;0.952711843
-1.401367706;1.619692493;0.946843117
-1.377485945;1.601663556;0.942274881
-1.350334611;1.583931311;0.939000858
-1.319973736;1.566474653;0.937010454
-1.286472225;1.549272859;0.936288801
-1.249907705;1.532305712;0.9368168
-1.21036636;1.515553601;0.938571192
-1.167942731;1.498997627;0.941524626
-1.122739495;1.482619703;0.945645755
-1.074867224;1.466402635;0.950899333
-1.024444111;1.450330216;0.957246329
-0.971595682;1.434387293;0.964644053
-0.916454481;1.418559844;0.973046289
-0.859159736;1.402835035;0.982403446
-0.799857;1.387201278;0.992662712
-0.73869778;1.371648279;1.003768224
-0.675839143;1.356167076;1.015661243
-0.611443303;1.340750076;1.028280341
-0.545677198;1.325391074;1.041561595
-0.478712043;1.310085279;1.055438791
-0.410722881;1.294829321;1.069843629
-0.341888108;1.279621253;1.084705943
-0.272389002;1.264460553;1.099953923
-0.202409227;1.24934811;1.115514336
-0.132134341;1.234286209;1.131312767
-0.061751287;1.219278507;1.147273847
0.00855211;1.204330003;1.163321494
0.07858766;1.189447006;1.179379154
0.148167326;1.174637089;1.195370043
0.217103735;1.159909048;1.211217392
0.285210702;1.145272845;1.226844688
0.352303736;1.130739556;1.242175918
0.418200557;1.116321307;1.257135812
0.482721599;1.102031212;1.271650079
0.54569051;1.087883302;1.285645648
0.606934645;1.073892455;1.299050897
0.666285544;1.060074321;1.311795884
0.723579407;1.046445244;1.32381257
0.77865755;1.033022184;1.335035035
0.831366851;1.019822633;1.345399694
0.881560184;1.006864537;1.354845497
0.929096827;0.994166209;1.363314128
0.973842863;0.981746247;1.370750192
1.015671557;0.969623449;1.377101398
1.054463715;0.957816732;1.382318722
1.09010802;0.946345044;1.386356576
1.122501351;0.935227286;1.38917295
1.151549072;0.924482234;1.390729555
1.177165306;0.91412845;1.390991948
1.199273177;0.904184219;1.389929647
1.21780503;0.894667462;1.387516236
1.232702627;0.885595673;1.383729455
1.243917312;0.876985847;1.378551274
1.251410155;0.868854415;1.371967965
1.25515206;0.861217184;1.363970146
1.255123858;0.854089273;1.354552821
1.251316358;0.847485069;1.343715408
1.24373038;0.841418168;1.331461744
1.232376753;0.835901334;1.317800085
1.217276293;0.830946457;1.302743088
1.19845974;0.826564517;1.286307782
1.175967684;0.822765553;1.26851552
1.149850443;0.819558631;1.249391925
1.120167935;0.81695183;1.228966816
1.086989501;0.814952218;1.207274127
1.050393723;0.813565844;1.184351804
1.010468196;0.812797724;1.160241702
0.967309289;0.812651848;1.134989459
0.921021877;0.813131172;1.10864436
0.871719042;0.81423763;1.081259198
0.819521763;0.815972142;1.052890109
0.764558576;0.818334633;1.023596412
0.706965212;0.821324048;0.993440426
0.646884221;0.824938376;0.962487286
0.584464571;0.829174682;0.930804748
0.519861234;0.834029131;0.89846298
0.45323475;0.839497027;0.865534353
0.384750781;0.845572847;0.832093221
0.314579647;0.852250285;0.798215694
0.242895851;0.859522289;0.763979409
0.169877595;0.867381113;0.729463289
0.095706281;0.875818356;0.694747304
0.020566007;0.884825018;0.659912224
-0.055356942;0.894391545;0.625039376
-0.131874616;0.904507883;0.590210387
-0.208797915;0.915163528;0.555506939
-0.285937115;0.926347577;0.52101051
-0.363102394;0.938048785;0.48680213
-0.440104351;0.950255613;0.452962123
-0.516754527;0.962956278;0.419569861
-0.592865928;0.97613881;0.386703518
-0.668253531;0.989791095;0.354439823
-0.742734789;1.003900926;0.322853822
-0.816130134;1.018456047;0.292018644
-0.888263457;1.0334442;0.26200527
-0.958962589;1.048853165;0.232882307
-1.028059761;1.064670798;0.204715778
-1.095392058;1.080885069;0.177568906
-1.160801849;1.097484092;0.151501914
-1.22413721;1.114456158;0.126571836
-1.285252319;1.131789762;0.102832331
-1.344007845;1.149473618;0.080333509
-1.400271304;1.167496688;0.059121771
-1.453917405;1.185848188;0.039239655
-1.504828364;1.204517603;0.020725694
-1.552894209;1.22349469;0.003614292
-1.598013045;1.242769484;-0.012064398
-1.64009131;1.26233229;-0.026284575
-1.679043993;1.282173681;-0.039024879
-1.714794838;1.302284485;-0.050268474
-1.747276515;1.322655767;-0.060003108
-1.776430762;1.343278811;-0.068221167
-1.802208512;1.364145098;-0.074919709
-1.824569977;1.385246272;-0.080100488
-1.843484719;1.406574112;-0.083769964
-1.858931682;1.428120493;-0.085939298
-1.870899205;1.449877347;-0.08662433
-1.879385005;1.47183662;-0.08584555
-1.884396127;1.493990221;-0.083628048
-1.885948878;1.516329976;-0.080001455
-1.884068721;1.538847574;-0.074999868
-1.878790157;1.561534509;-0.068661763
-1.870156566;1.584382022;-0.061029891
-1.858220036;1.607381045;-0.052151171
-1.843041157;1.630522133;-0.042076557
-1.824688797;1.653795406;-0.030860904
-1.803239852;1.677190481;-0.018562815
-1.778778974;1.700696411;-0.005244486
-1.751398275;1.724301615;0.009028475
-1.721197016;1.747993817;0.024187222
-1.688281271;1.771759979;0.040159869
-1.652763573;1.795586237;0.056871686
-1.614762543;1.819457842;0.074245311
-1.574402506;1.843359095;0.092200969
-1.531813087;1.867273291;0.110656694
-1.487128792;1.89118266;0.129528563
-1.440488585;1.915068317;0.148730931
-1.392035444;1.938910211;0.168176674
-1.341915912;1.962687076;0.187777439
-1.290279639;1.986376391;0.207443891
-1.237278917;2.009954342;0.227085968
-1.183068207;2.033395789;0.246613141
-1.127803667;2.056674234;0.265934664
-1.071642671;2.079761804;0.28495984
-1.014743329;2.102629229;0.303598276
-0.957264012;2.125245837;0.32176014
-0.899362872;2.14757954;0.33935642
-0.841197364;2.169596845;0.356299174
-0.782923784;2.191262857;0.372501786
-0.724696797;2.212541297;0.387879206
-0.666668985;2.233394523;0.402348202
-0.608990398;2.253783563;0.415827587
-0.551808115;2.273668147;0.428238459
-0.495265817;2.293006757;0.439504423
-0.439503374;2.311756678;0.449551807
-0.384656445;2.329874054;0.458309874
-0.330856091;2.347313963;0.465711023
-0.278228404;2.364030486;0.471690983
-0.226894158;2.379976793;0.476188993
-0.176968476;2.39510523;0.479147975
-0.12856051;2.409367419;0.4805147
-0.081773148;2.422714364;0.480239936
-0.036702741;2.435096558;0.478278586
0.006561149;2.446464103;0.474589821
0.047935982;2.456766835;0.469137191
0.087346448;2.465954458;0.461888731
0.124724646;2.473976673;0.452817049
0.16001025;2.480783327;0.441899405
0.193150641;2.486324556;0.429117774
0.224101021;2.490550942;0.414458897
0.252824497;2.493413662;0.397914317
0.279292144;2.494864655;0.379480404
0.303483038;2.494856783;0.359158365
0.325384273;2.493343994;0.336954239
0.344990941;2.490281497;0.312878879
0.362306096;2.485625929;0.286947921
0.377340689;2.479335523;0.259181745
0.390113482;2.47137029;0.229605407
0.400650933;2.461692181;0.19824858
0.408987063;2.450265265;0.165145461
0.415163296;2.437055899;0.130334682
0.419228275;2.422032893;0.093859198
0.421237663;2.405167681;0.055766169
0.421253918;2.386434483;0.016106829
0.419346045;2.365810461;-0.025063661
0.415589337;2.343275878;-0.067686358
0.410065085;2.318814249;-0.111698706
0.402860285;2.292412482;-0.157034707
0.394067318;2.264061017;-0.203625103
0.383783615;2.233753959;-0.251397566
0.372111311;2.201489201;-0.300276894
0.359156887;2.167268541;-0.350185221
0.345030795;2.131097786;-0.401042226
0.329847072;2.092986855;-0.452765353
0.313722951;2.052949862;-0.50527003
0.296778455;2.011005199;-0.558469906
0.279135991;1.967175599;-0.612277075
0.26091993;1.921488197;-0.666602317
0.242256193;1.873974571;-0.721355335
0.223271823;1.824670776;-0.776444993
0.204094564;1.773617364;-0.831779562
0.184852431;1.720859395;-0.887266961
0.165673288;1.666446427;-0.942814994
0.146684426;1.610432501;-0.998331601
0.128012139;1.552876108;-1.053725088
0.109781314;1.493840146;-1.10890437
0.092115019;1.433391859;-1.163779204
0.075134101;1.371602764;-1.21826042
0.058956794;1.308548569;-1.272260148
0.043698336;1.244309067;-1.325692038
0.02947059;1.178968025;-1.378471479
0.01638169;1.11261306;-1.43051581
0.004535687;1.045335491;-1.481744517
-0.00596778;0.977230191;-1.532079437
-0.015033812;0.908395418;-1.581444944
-0.022572545;0.838932634;-1.629768126
-0.028499442;0.768946313;-1.676978962
-0.032735561;0.698543737;-1.723010482
-0.035207806;0.627834781;-1.767798917
-0.03584916;0.556931685;-1.811283846
-0.034598895;0.485948813;-1.853408327
-0.031402767;0.415002413;-1.894119018
-0.026213184;0.344210349;-1.93336629
-0.018989359;0.273691845;-1.971104322
-0.009697436;0.203567202;-2.007291195
0.001689403;0.133957521;-2.041888964
0.015190853;0.064984411;-2.074863726
0.030819426;-0.003230303;-2.10618567
0.04858041;-0.070564886;-2.135829122
0.068471852;-0.13689799;-2.163772568
0.090484565;-0.202108968;-2.189998678
0.114602158;-0.266078186;-2.214494304
0.14080108;-0.328687329;-2.23725048
0.169050698;-0.389819725;-2.258262398
0.199313389;-0.449360649;-2.277529381
0.231544655;-0.507197644;-2.29505484
0.265693258;-0.563220827;-2.310846221
0.301701378;-0.617323202;-2.324914942
0.339504789;-0.669400961;-2.337276317
0.379033052;-0.719353785;-2.347949471
0.42020973;-0.76708514;-2.356957247
0.462952622;-0.812502566;-2.364326097
0.507174006;-0.855517952;-2.370085973
0.552780908;-0.896047816;-2.374270199
0.599675379;-0.934013561;-2.37691534
0.647754793;-0.969341734;-2.378061066
0.696912148;-1.001964261;-2.377749998
0.747036392;-1.031818685;-2.376027562
0.798012752;-1.058848375;-2.37294182
0.849723073;-1.083002737;-2.368543308
0.902046174;-1.104237399;-2.362884862
0.9548582;-1.122514388;-2.356021442
1.008032996;-1.13780229;-2.348009947
1.061442471;-1.150076392;-2.338909034
1.114956978;-1.159318808;-2.328778926
1.168445693;-1.165518591;-2.317681224
1.221777;-1.168671821;-2.305678712
1.274818867;-1.168781681;-2.292835162
1.327439239;-1.16585851;-2.279215142
1.379506412;-1.15991984;-2.264883817
1.430889417;-1.150990412;-2.249906757
1.481458396;-1.139102172;-2.234349741
1.531084973;-1.12429425;-2.218278568
1.57964262;-1.106612919;-2.201758863
1.62700702;-1.086111527;-2.184855891
1.673056413;-1.062850424;-2.167634374
1.717671943;-1.036896854;-2.15015831
1.76073799;-1.008324835;-2.132490797
1.802142494;-0.977215019;-2.114693859
1.841777263;-0.943654535;-2.096828286
1.879538273;-0.907736807;-2.078953468
1.915325953;-0.869561357;-2.061127242
1.949045454;-0.829233592;-2.043405748
1.98060691;-0.786864571;-2.025843282
2.009925671;-0.742570754;-2.00849217
2.036922535;-0.696473738;-1.991402635
2.061523949;-0.648699974;-1.974622684
2.083662204;-0.599380467;-1.958197996
2.103275607;-0.548650472;-1.942171824
2.120308631;-0.496649162;-1.926584897
2.134712059;-0.443519295;-1.911475341
2.146443093;-0.389406862;-1.896878605
2.155465458;-0.334460729;-1.88282739
2.16174948;-0.278832264;-1.8693516
2.165272142;-0.222674961;-1.856478291
2.166017131;-0.166144052;-1.844231633
2.163974855;-0.109396114;-1.832632887
2.159142444;-0.052588667;-1.82170038
2.151523737;0.004120225;-1.811449502
2.141129243;0.060572367;-1.801892701
2.127976085;0.116609837;-1.793039496
2.112087931;0.172075401;-1.784896494
2.093494901;0.22681292;-1.777467415
2.072233454;0.280667762;-1.770753133
2.04834627;0.333487207;-1.764751715
2.021882099;0.385120849;-1.759458477
1.99289561;0.435420999;-1.754866044
1.961447209;0.48424307;-1.750964418
1.927602855;0.531445969;-1.747741052
1.891433854;0.576892466;-1.745180936
1.853016644;0.620449569;-1.743266683
1.812432563;0.661988873;-1.74197863
1.769767608;0.70138691;-1.741294932
1.725112183;0.738525478;-1.741191677
1.678560835;0.773291959;-1.741642994
1.63021198;0.805579625;-1.742621172
1.580167624;0.835287921;-1.744096782
1.528533073;0.86232274;-1.746038801
1.475416639;0.886596676;-1.74841474
1.420929334;0.908029257;-1.751190781
1.365184569;0.926547162;-1.754331906
1.30829784;0.942084418;-1.757802035
1.250386417;0.954582576;-1.761564166
1.191569028;0.963990866;-1.765580512
1.131965544;0.970266329;-1.76981264
1.071696657;0.97337393;-1.774221615
1.010883575;0.973286648;-1.778768135
0.949647695;0.96998554;-1.783412673
0.888110304;0.963459785;-1.788115616
0.826392262;0.953706708;-1.792837396
0.764613705;0.94073177;-1.79753863
0.702893744;0.92454855;-1.802180249
0.64135017;0.905178688;-1.806723626
0.580099177;0.882651817;-1.811130707
0.519255074;0.857005464;-1.815364126
0.458930027;0.828284933;-1.819387329
0.399233787;0.796543163;-1.823164685
0.34027345;0.761840565;-1.826661596
0.282153209;0.724244835;-1.829844604
0.224974128;0.683830748;-1.832681487
0.168833926;0.640679933;-1.835141353
0.113826768;0.594880621;-1.837194732
0.06004307;0.546527383;-1.838813653
0.007569323;0.495720841;-1.839971727
-0.043512077;0.442567367;-1.840644209
-0.093122983;0.387178763;-1.840808069
-0.141189638;0.329671924;-1.840442044
-0.1876428;0.270168486;-1.839526692
-0.232417854;0.208794463;-1.838044432
-0.27545491;0.14567987;-1.835979584
-0.316698888;0.080958331;-1.833318398
-0.356099584;0.014766677;-1.830049079
-0.393611726;-0.052755458;-1.826161799
-0.429195012;-0.121466058;-1.821648712
-0.462814139;-0.191221152;-1.816503953
-0.494438812;-0.261875239;-1.810723638
-0.524043744;-0.33328173;-1.804305851
-0.551608633;-0.405293378;-1.797250628
-0.577118142;-0.477762725;-1.789559934
-0.600561848;-0.550542534;-1.781237638
-0.621934189;-0.623486237;-1.772289471
-0.641234398;-0.696448364;-1.762722993
-0.658466416;-0.76928498;-1.752547541
-0.673638809;-0.841854111;-1.74177418
-0.686764654;-0.914016168;-1.730415648
-0.697861436;-0.985634358;-1.718486294
-0.706950915;-1.056575094;-1.706002009
-0.714058997;-1.126708383;-1.692980164
-0.71921559;-1.195908216;-1.679439527
-0.722454455;-1.264052936;-1.665400193
-0.723813043;-1.331025595;-1.6508835
-0.723332331;-1.3967143;-1.635911945
-0.721056652;-1.461012534;-1.620509099
-0.717033512;-1.523819469;-1.604699519
-0.711313409;-1.585040258;-1.588508656
-0.703949645;-1.644586304;-1.571962765
-0.694998132;-1.702375517;-1.555088806
-0.684517199;-1.758332544;-1.537914357
-0.67256739;-1.812388981;-1.520467515
-0.659211272;-1.86448356;-1.5027768
-0.644513225;-1.914562318;-1.484871061
-0.628539245;-1.962578737;-1.466779381
-0.611356745;-2.008493866;-1.448530981
-0.593034347;-2.052276416;-1.430155129
-0.573641691;-2.093902829;-1.411681046
-0.55324923;-2.133357324;-1.393137819
-0.531928041;-2.170631924;-1.374554306
-0.509749626;-2.205726443;-1.355959055
-0.486785733;-2.238648466;-1.337380219
-0.463108161;-2.269413291;-1.318845472
-0.43878859;-2.298043852;-1.300381935
-0.413898399;-2.324570614;-1.282016096
-0.388508501;-2.349031449;-1.263773739
-0.362689178;-2.371471483;-1.245679879
-0.336509924;-2.391942921;-1.227758692
-0.310039296;-2.410504848;-1.210033459
-0.283344768;-2.427223014;-1.192526504
-0.256492598;-2.442169583;-1.175259145
-0.229547696;-2.45542288;-1.158251644
-0.202573506;-2.467067101;-1.141523162
-0.17563189;-2.47719201;-1.12509172
-0.148783026;-2.485892622;-1.108974166
-0.122085307;-2.493268861;-1.093186138
-0.095595258;-2.499425206;-1.077742043
-0.069367451;-2.504470319;-1.062655033
-0.043454434;-2.508516661;-1.04793699
-0.017906668;-2.511680093;-1.033598508
0.007227526;-2.514079469;-1.019648892
0.03190202;-2.51583621;-1.006096148
0.056072911;-2.51707388;-0.992946986
0.079698558;-2.517917745;-0.980206827
0.102739601;-2.518494329;-0.967879807
0.125158978;-2.518930966;-0.955968793
0.146921933;-2.519355343;-0.944475399
0.167996016;-2.519895051;-0.933400009
0.188351079;-2.520677121;-0.922741797
0.207959259;-2.521827574;-0.912498758
0.226794963;-2.523470961;-0.902667737
0.244834839;-2.525729919;-0.893244463
0.262057748;-2.52872472;-0.884223589
0.278444724;-2.532572832;-0.875598728
0.293978934;-2.53738849;-0.867362497
0.308645634;-2.54328227;-0.859506559
0.322432113;-2.550360677;-0.852021673
0.335327642;-2.558725745;-0.844897741
0.347323416;-2.568474647;-0.838123855
0.35841249;-2.579699325;-0.831688355
0.368589717;-2.592486129;-0.825578872
0.377851682;-2.606915475;-0.81978239
0.386196633;-2.623061522;-0.814285297
0.393624408;-2.64099187;-0.809073437
0.40013637;-2.66076727;-0.804132169
0.40573533;-2.682441362;-0.799446419
0.410425477;-2.706060433;-0.795000737
0.414212305;-2.731663196;-0.790779349
0.417102543;-2.759280593;-0.786766212
0.419104078;-2.788935622;-0.782945068
0.420225894;-2.820643191;-0.779299494
0.420477994;-2.854409991;-0.775812954
0.419871339;-2.8902344;-0.772468848
0.418417777;-2.928106414;-0.769250562
0.416129985;-2.968007597;-0.766141511
0.413021407;-3.009911064;-0.763125188
0.409106193;-3.053781491;-0.760185203
0.404399145;-3.099575146;-0.757305325
0.398915667;-3.14723995;-0.754469521
0.392671712;-3.196715569;-0.751661993
0.38568374;-3.247933523;-0.74886721
0.377968673;-3.300817329;-0.746069944
0.369543856;-3.355282665;-0.743255293
0.360427025;-3.411237565;-0.740408713
0.350636271;-3.468582628;-0.73751604
0.340190015;-3.527211267;-0.734563512
0.329106983;-3.587009967;-0.731537788
0.317406185;-3.647858574;-0.728425966
0.3051069;-3.709630601;-0.725215596
0.292228657;-3.772193565;-0.721894692
0.278791232;-3.835409328;-0.718451738
0.264814636;-3.899134474;-0.714875703
0.250319114;-3.963220693;-0.711156035
0.235325143;-4.027515186;-0.707282672
0.219853435;-4.091861086;-0.703246036
0.203924943;-4.156097896;-0.699037035
0.187560865;-4.22006193;-0.694647057
0.170782658;-4.283586784;-0.690067963
0.153612045;-4.346503797;-0.685292081
0.136071033;-4.408642539;-0.680312198
0.118181925;-4.469831297;-0.675121546
0.099967339;-4.529897568;-0.669713791
0.08145022;-4.588668563;-0.664083022
0.062653864;-4.645971706;-0.658223733
0.043601931;-4.701635141;-0.652130809
0.024318468;-4.75548824;-0.645799512
0.004827923;-4.807362102;-0.639225461
-0.014844833;-4.857090062;-0.632404618
-0.034674492;-4.904508183;-0.625333269
-0.054635295;-4.949455751;-0.618008005
-0.07470101;-4.99177576;-0.610425709
-0.094844929;-5.031315389;-0.602583532
-0.115039847;-5.067926469;-0.594478885
-0.13525806;-5.101465936;-0.586109414
-0.155471358;-5.131796276;-0.577472989
-0.175651015;-5.158785954;-0.568567688
-0.195767797;-5.182309823;-0.559391782
-0.215791957;-5.202249524;-0.549943722
-0.235693244;-5.218493866;-0.540222129
-0.255440911;-5.230939178;-0.530225781
-0.275003727;-5.239489656;-0.519953605
-0.294349996;-5.244057678;-0.509404666
-0.313447573;-5.244564098;-0.498578167
-0.332263892;-5.240938524;-0.487473437
-0.350765995;-5.233119559;-0.476089934
-0.368920561;-5.221055033;-0.464427238
-0.386693947;-5.204702198;-0.452485056
-0.404052226;-5.184027899;-0.440263223
-0.420961236;-5.159008724;-0.427761704
-0.437386628;-5.12963112;-0.414980602
-0.453293918;-5.095891488;-0.401920164
-0.468648551;-5.057796242;-0.388580794
-0.483415956;-5.015361849;-0.374963057
-0.49756162;-4.968614837;-0.361067702
-0.511051149;-4.91759177;-0.346895667
-0.523850351;-4.862339205;-0.332448102
-0.535925305;-4.802913613;-0.317726384
-0.547242446;-4.739381274;-0.302732135
-0.557768648;-4.671818145;-0.287467246
-0.567471305;-4.600309704;-0.271933898
-0.576318428;-4.524950761;-0.256134582
-0.584278726;-4.445845247;-0.240072129
-0.591321707;-4.363105974;-0.223749728
-0.597417765;-4.276854378;-0.207170957
-0.60253828;-4.187220225;-0.190339809
-0.606655712;-4.094341306;-0.173260716
-0.609743698;-3.998363102;-0.155938577
-0.611777148;-3.899438429;-0.138378787
-0.61273234;-3.797727064;-0.120587264
-0.612587021;-3.69339535;-0.102570471
-0.611320494;-3.586615785;-0.084335451
-0.608913718;-3.477566588;-0.065889844
-0.605349393;-3.366431259;-0.047241919
-0.600612054;-3.253398113;-0.028400592
-0.594688153;-3.13865981;-0.009375456
-0.587566146;-3.022412867;0.009823206
-0.579236567;-2.904857163;0.029184393
-0.569692109;-2.786195436;0.048696374
-0.558927691;-2.666632763;0.068346668
-0.546940527;-2.54637605;0.088122032
-0.533730185;-2.425633502;0.108008448
-0.519298643;-2.304614097;0.127991114
-0.503650341;-2.183527062;0.148054436
-0.486792222;-2.062581336;0.168182027
-0.468733769;-1.941985052;0.1883567
-0.449487041;-1.821945004;0.208560478
-0.429066686;-1.702666133;0.22877459
-0.407489969;-1.584351011;0.248979488
-0.38477677;-1.467199332;0.26915485
-0.360949592;-1.351407418;0.289279601
-0.33603355;-1.237167726;0.30933193
-0.310056355;-1.124668375;0.329289311
-0.283048296;-1.014092684;0.349128529
-0.2550422;-0.905618716;0.368825711
-0.226073398;-0.799418851;0.388356356
-0.196179675;-0.695659366;0.407695374
-0.165401211;-0.594500033;0.426817128
-0.133780516;-0.496093742;0.445695473
-0.101362357;-0.40058614;0.464303809
-0.068193676;-0.308115288;0.482615128
-0.034323499;-0.218811346;0.500602071
0.000197165;-0.132796276;0.518236988
0.035315424;-0.05018357;0.535491993
0.070976624;0.028921994;0.552339037
0.107124463;0.104424582;0.568749967
0.143701126;0.176237495;0.584696605
0.180647416;0.244283346;0.600150813
0.217902895;0.308494201;0.615084574
0.255406036;0.3688117;0.62947007
0.293094371;0.425187152;0.643279759
0.330904653;0.477581594;0.656486459
0.368773016;0.525965837;0.669063432
0.406635147;0.570320469;0.68098447
0.444426455;0.610635845;0.692223978
0.482082243;0.646912043;0.702757064
0.519537892;0.679158793;0.712559628
0.556729036;0.707395382;0.721608447
0.593591743;0.731650535;0.729881264
0.630062703;0.751962264;0.737356879
0.666079403;0.768377699;0.744015234
0.701580316;0.780952893;0.7498375
0.736505083;0.789752597;0.75480616
0.77079469;0.794850024;0.7589051
0.804391648;0.796326579;0.762119684
0.837240173;0.794271577;0.764436837
0.869286352;0.788781934;0.765845123
0.900478319;0.779961844;0.766334819
0.930766414;0.767922435;0.765897989
0.960103347;0.752781406;0.764528548
0.988444346;0.734662653;0.762222331
1.015747311;0.713695877;0.758977152
1.041972949;0.690016179;0.754792863
1.06708491;0.663763641;0.7496714
1.091049908;0.635082901;0.74361684
1.113837846;0.60412271;0.736635433
1.135421912;0.571035491;0.728735645
1.155778686;0.535976882;0.719928191
1.174888223;0.499105277;0.710226056
1.192734134;0.460581362;0.699644516
1.209303648;0.420567653;0.688201154
1.224587672;0.379228022;0.675915868
1.238580835;0.336727232;0.662810866
1.251281516;0.293230472;0.648910669
1.262691869;0.248902887;0.634242093
1.272817831;0.203909125;0.618834231
1.281669114;0.158412877;0.602718429
1.289259193;0.112576431;0.585928253
1.295605273;0.06656023;0.568499448
1.300728248;0.020522444;0.550469894
1.304652648;-0.025381457;0.531879549
1.30740657;-0.070999104;0.512770394
1.309021597;-0.116181634;0.493186363
1.30953271;-0.160784067;0.473173269
1.308978178;-0.204665677;0.452778725
1.307399443;-0.247690342;0.432052058
1.304840995;-0.289726884;0.411044216
1.301350225;-0.330649381;0.389807666
1.296977282;-0.370337469;0.368396296
1.291774903;-0.408676625;0.346865295
1.285798245;-0.445558423;0.325271047
1.279104702;-0.480880774;0.303671001
1.271753712;-0.514548149;0.282123552
1.263806559;-0.546471772;0.260687904
1.255326158;-0.576569793;0.239423941
1.246376846;-0.604767447;0.218392085
1.23702415;-0.630997178;0.197653151
1.227334566;-0.655198748;0.177268209
1.217375313;-0.677319321;0.157298426
1.2072141;-0.697313523;0.137804923
1.196918877;-0.71514348;0.118848617
1.186557587;-0.73077883;0.10049007
1.176197916;-0.744196719;0.082789331
1.165907038;-0.755381764;0.065805779
1.155751362;-0.764326003;0.04959797
1.145796279;-0.771028819;0.034223477
1.136105907;-0.775496839;0.019738739
1.126742837;-0.77774382;0.006198898
1.117767889;-0.777790503;-0.006342344
1.109239861;-0.77566446;-0.017832882
1.101215289;-0.77139991;-0.028222356
1.093748208;-0.765037521;-0.037462292
1.086889923;-0.756624198;-0.045506251
1.080688784;-0.746212845;-0.052309959
1.075189967;-0.733862118;-0.057831445
1.070435268;-0.719636161;-0.062031169
1.0664629;-0.703604325;-0.064872147
1.063307307;-0.685840873;-0.066320064
1.060998982;-0.666424681;-0.066343391
1.059564301;-0.645438915;-0.064913487
1.059025365;-0.622970706;-0.062004698
1.059399858;-0.599110817;-0.05759445
1.060700921;-0.573953293;-0.051663329
1.062937028;-0.547595114;-0.044195161
1.066111892;-0.520135837;-0.035177077
1.070224375;-0.491677232;-0.024599575
1.075268416;-0.462322922;-0.012456566
1.081232979;-0.43217801;0.00125458
1.088102009;-0.401348714;0.016533002
1.095854415;-0.369941997;0.033374326
1.104464059;-0.3380652;0.05177065
1.113899768;-0.30582568;0.07171054
1.124125365;-0.273330445;0.093179036
1.13509971;-0.240685797;0.116157663
1.146776764;-0.207996986;0.140624461
1.159105672;-0.175367859;0.166554015
1.172030854;-0.142900531;0.193917503
1.185492122;-0.110695051;0.222682743
1.199424812;-0.078849089;0.252814265
1.213759929;-0.047457623;0.284273377
1.228424312;-0.016612652;0.31701825
1.243340814;0.013597094;0.351004008
1.258428494;0.043086424;0.386182829
1.273602836;0.071773934;0.422504052
1.288775963;0.09958226;0.459914297
1.303856886;0.126438293;0.498357588
1.318751751;0.152273395;0.537775488
1.333364105;0.177023593;0.578107238
1.347595178;0.20062975;0.619289907
1.361344166;0.223037733;0.661258543
1.374508534;0.244198546;0.703946339
1.386984326;0.264068457;0.747284797
1.39866648;0.282609106;0.791203898
1.409449157;0.299787586;0.835632286
1.419226072;0.315576517;0.880497442
1.427890833;0.329954092;0.925725876
1.435337288;0.342904107;0.971243313
1.441459867;0.354415979;1.016974883
1.44615394;0.364484731;1.062845323
1.449316162;0.373110977;1.108779165
1.450844833;0.380300874;1.154700938
1.450640247;0.386066059;1.200535363
1.448605046;0.39042358;1.246207556
1.444644564;0.393395792;1.291643221
1.43866718;0.395010251;1.336768847
1.430584652;0.395299586;1.381511905
1.420312452;0.394301353;1.425801039
1.407770098;0.39205788;1.469566256
1.392881468;0.38861609;1.512739111
1.375575113;0.384027323;1.55525289
1.355784554;0.378347126;1.597042788
1.333448575;0.371635052;1.638046081
1.308511496;0.363954431;1.678202291
1.280923435;0.355372137;1.717453349
1.25064056;0.345958346;1.755743745
1.21762532;0.335786284;1.793020682
1.181846666;0.324931967;1.829234204
1.143280245;0.313473932;1.864337337
1.101908593;0.301492965;1.898286206
1.057721292;0.28907182;1.931040147
1.010715118;0.276294939;1.962561817
0.960894172;0.263248161;1.992817282
0.90826998;0.250018438;2.021776104
0.852861582;0.23669354;2.049411417
0.794695596;0.223361765;2.075699986
0.733806259;0.210111649;2.100622266
0.670235453;0.197031677;2.124162439
0.604032699;0.184209993;2.146308444
0.535255135;0.171734117;2.167052003
0.463967471;0.159690667;2.186388623
0.390241921;0.14816508;2.204317595
0.314158113;0.137241346;2.22084198
0.235802972;0.12700174;2.235968584
0.155270588;0.117526572;2.249707916
0.07266206;0.108893934;2.262074145
-0.011914689;0.101179467;2.273085038
-0.098345106;0.094456124;2.282761888
-0.186508234;0.088793955;2.291129435
-0.276276954;0.084259901;2.298215771
